so,so_date,so_del_date,qty,closed,act_disp_qty,act_disp_date,rate,currency,customer,fgcode_id
17020495,15-01-2018,15-05-2018,500,1,500,,23,USD,NWI,65
17020495,15-01-2018,15-05-2018,300,1,300,,26.98,USD,NWI,66
17020495,15-01-2018,15-05-2018,400,1,400,,31.14,USD,NWI,64
17020778,03-02-2018,31-05-2018,1375,1,1375,,23,USD,NWI,65
17020778,03-02-2018,31-05-2018,300,1,300,,31.14,USD,NWI,64
17020925,12-02-2018,12-04-2018,401,1,401,,55.4,USD,NWI,256
17020928,19-02-2018,23-07-2018,1098,1,1098,,31.14,USD,NWI,64
17021074,26-03-2018,06-06-2018,2466,1,2466,,8.45,USD,Delta Int Trade,330
17021074,26-03-2018,06-06-2018,1308,1,1308,,4.92,USD,Delta Int Trade,323
17021074,26-03-2018,06-06-2018,1092,1,1092,,8.45,USD,Delta Int Trade,324
17021075,29-03-2018,21-05-2018,1918,1,1918,,15.5,USD,Dynarex,152
17021075,29-03-2018,21-05-2018,375,1,375,,21.25,USD,Dynarex,153
17021078,04-04-2018,12-06-2018,1160,1,1160,,8.45,USD,Delta Int Trade,330
17021078,04-04-2018,12-06-2018,2950,1,2950,,8.45,USD,Delta Int Trade,324
17021081,12-04-2018,07-06-2018,1001,1,1001,,16,USD,Karsten Intl ,504
17021082,12-04-2018,18-06-2018,280,1,280,,24.72,USD,Mattes Trading,468
17021082,12-04-2018,18-06-2018,168,1,168,,25.6,USD,Mattes Trading,461
17021082,12-04-2018,18-06-2018,223,1,223,,13.74,USD,Mattes Trading,479
17021082,12-04-2018,18-06-2018,348,1,348,,13.14,USD,Mattes Trading,478
17021085,24-04-2018,20-06-2018,1865,1,1865,,4.92,USD,Delta Int Trade,329
17021085,24-04-2018,20-06-2018,1706,1,1706,,4.92,USD,Delta Int Trade,323
17021085,24-04-2018,20-06-2018,2210,1,2210,,8.45,USD,Delta Int Trade,324
17021086,27-04-2018,27-06-2018,1080,1,1080,,12.57,USD,NWI,270
17021086,27-04-2018,27-06-2018,560,1,560,,15.53,USD,NWI,271
17021086,27-04-2018,27-06-2018,648,1,648,,12.57,USD,NWI,375
17021086,27-04-2018,27-06-2018,224,1,224,,21.92,USD,NWI,282
17021087,05-05-2018,09-07-2018,480,1,480,,48.64,USD,NWI,269
17021087,05-05-2018,09-07-2018,1296,1,1296,,12.57,USD,NWI,270
17021088,05-05-2018,10-07-2018,200,1,200,,27.22,USD,NWI,336
17021088,05-05-2018,10-07-2018,198,1,198,,65.76,USD,NWI,262
17021088,05-05-2018,10-07-2018,192,1,192,,67.21,USD,NWI,335
17021088,05-05-2018,10-07-2018,648,1,648,,17.51,USD,NWI,263
17021088,05-05-2018,10-07-2018,324,1,324,,27.91,USD,NWI,264
17021094,15-06-2018,12-09-2018,288,1,288,,180,USD,AUROMERE INC.,52
17021094,15-06-2018,12-09-2018,504,1,504,,179,USD,AUROMERE INC.,48
17021095,15-06-2018,13-11-2018,174,1,174,,100.8,USD,AUROMERE INC.,23
17021095,15-06-2018,13-11-2018,265,1,265,,105,USD,AUROMERE INC.,24
17021095,15-06-2018,13-11-2018,72,1,72,,185,USD,AUROMERE INC.,40
17021095,15-06-2018,13-11-2018,112,1,112,,69.12,USD,AUROMERE INC.,50
17021095,15-06-2018,13-11-2018,200,1,200,,179,USD,AUROMERE INC.,49
17021096,15-06-2018,17-12-2018,252,1,252,,179,USD,AUROMERE INC.,48
17021096,15-06-2018,17-12-2018,108,1,108,,190,USD,AUROMERE INC.,46
17021097L1,15-06-2018,06-08-2018,4320,1,4320,,11.16,USD,Ellipse,144
17021097L2,15-06-2018,06-08-2018,4320,1,4320,,11.16,USD,Ellipse,144
17021098L1,15-06-2018,07-08-2018,496,1,496,,34.56,USD,Quantum,477
17021098L2,15-06-2018,07-08-2018,496,1,496,,34.56,USD,Quantum,477
17021101,30-06-2018,21-08-2018,584,1,584,,24.72,USD,Mattes Trading,468
17021101,30-06-2018,21-08-2018,280,1,280,,13.74,USD,Mattes Trading,479
17021102,30-06-2018,21-08-2018,280,1,280,,13.32,USD,Mattes Trading,451
17021103L10,02-07-2018,02-07-2018,3560,1,3560,,16,USD,Olman LLC,448
17021103L12,02-07-2018,02-07-2018,3560,1,3560,,16,USD,Olman LLC,448
17021103L14,02-07-2018,15-01-2019,3560,1,3560,,16,USD,Olman LLC,448
17021103L15,02-07-2018,29-01-2019,2194,1,2194,,16,USD,Olman LLC,448
17021103L1,02-07-2018,07-07-2018,1616,1,1616,,16,USD,Olman LLC,448
17021103L2,02-07-2018,21-07-2018,1780,1,1780,,16,USD,Olman LLC,448
17021103L3,02-07-2018,30-07-2018,3560,1,3560,,16,USD,Olman LLC,448
17021103L4,02-07-2018,07-08-2018,3560,1,3560,,16,USD,Olman LLC,448
17021103L5,02-07-2018,21-08-2018,3560,1,3560,,16,USD,Olman LLC,448
17021103L6,02-07-2018,30-08-2018,3560,1,3560,,16,USD,Olman LLC,448
17021103L7,02-07-2018,07-09-2018,3560,1,3560,,16,USD,Olman LLC,448
17021103L8,02-07-2018,02-07-2018,3560,1,3560,,16,USD,Olman LLC,448
17021103L9,02-07-2018,02-07-2018,3560,1,3560,,16,USD,Olman LLC,448
17021127,21-03-2018,13-06-2018,350,1,350,,67.68,USD,Kerala Nature,349
17021129,26-03-2018,18-06-2018,500,1,500,,10.75,USD,Shield Line LLC,340
17021130,28-03-2018,28-05-2018,350,1,350,,27.22,USD,NWI,336
17021130,28-03-2018,28-05-2018,280,1,280,,61,USD,NWI,260
17021130,28-03-2018,28-05-2018,216,1,216,,64.05,USD,NWI,331
17021130,28-03-2018,28-05-2018,324,1,324,,17.51,USD,NWI,263
17021130,28-03-2018,28-05-2018,255,1,255,,27.91,USD,NWI,264
17021130,28-03-2018,28-05-2018,200,1,200,,28.4,USD,NWI,254
17021130,17-04-2018,28-05-2018,192,1,192,,19.66,USD,NWI,277
17021131,03-04-2018,06-06-2018,210,1,210,,21.11,USD,NWI,272
17021131,03-04-2018,06-06-2018,504,1,504,,12.57,USD,NWI,375
17021131,03-04-2018,06-06-2018,240,1,240,,14.88,USD,NWI,373
17021131,03-04-2018,06-06-2018,1200,1,1200,,8.96,USD,NWI,285
17021131,03-04-2018,06-06-2018,224,1,224,,21.92,USD,NWI,282
17021131,03-04-2018,06-06-2018,180,1,180,,77.18,USD,NWI,339
17021132,05-04-2018,28-05-2018,348,1,348,,26.1,USD,Dtales,481
17021133,13-04-2018,12-06-2018,1296,1,1296,,12.57,USD,NWI,270
17021133,13-04-2018,12-06-2018,210,1,210,,23.97,USD,NWI,273
17021133,13-04-2018,12-06-2018,174,1,174,,45.49,USD,NWI,338
17021133,13-04-2018,12-06-2018,180,1,180,,77.18,USD,NWI,339
17021134,20-04-2018,21-07-2018,20,1,20,,31.2,USD,"KIBOKO ENTERPRISES, UGANDA",402
17021134,20-04-2018,21-07-2018,0,1,0,,29.1,USD,"KIBOKO ENTERPRISES, UGANDA",401
17021134,20-04-2018,21-07-2018,88,1,88,,22.2,USD,"KIBOKO ENTERPRISES, UGANDA",379
17021135,20-04-2018,21-07-2018,0,1,0,,19.4,USD,"KIBOKO ENTERPRISES, UGANDA",397
17021135,20-04-2018,21-07-2018,167,1,167,,20.6,USD,"KIBOKO ENTERPRISES, UGANDA",378
17021136,03-05-2018,28-06-2018,600,1,600,,0,USD,Qatar,76
17021136,03-05-2018,28-06-2018,500,1,500,,0,USD,Qatar,74
17021136,03-05-2018,28-06-2018,200,1,200,,0,USD,Qatar,75
17021136,03-05-2018,28-06-2018,400,1,400,,0,USD,Qatar,77
17021136,03-05-2018,28-06-2018,217,1,217,,0,USD,Qatar,135
17021136,03-05-2018,28-06-2018,800,1,800,,0,USD,Qatar,106
17021136,03-05-2018,28-06-2018,1600,1,1600,,0,USD,Qatar,119
17021140,17-05-2018,26-06-2018,475,1,475,,16.56,USD,"IBRAGIM, TURKMENISTAN",447
17021140,17-05-2018,26-06-2018,475,1,475,,16.56,USD,"IBRAGIM, TURKMENISTAN",466
17021140,17-05-2018,26-06-2018,475,1,475,,16.56,USD,"IBRAGIM, TURKMENISTAN",462
17021140,17-05-2018,26-06-2018,475,1,475,,16.56,USD,"IBRAGIM, TURKMENISTAN",465
17021141,17-05-2018,26-06-2018,475,1,475,,16.56,USD,"IBRAGIM, TURKMENISTAN",447
17021141,17-05-2018,26-06-2018,463,1,463,,16.56,USD,"IBRAGIM, TURKMENISTAN",466
17021141,17-05-2018,26-06-2018,454,1,454,,16.56,USD,"IBRAGIM, TURKMENISTAN",462
17021141,17-05-2018,26-06-2018,475,1,475,,16.56,USD,"IBRAGIM, TURKMENISTAN",465
17021144,21-05-2018,27-06-2018,672,1,672,,38.22,USD,NWI,267
17021144,21-05-2018,27-06-2018,100,1,100,,48.91,USD,NWI,274
17021144L1,21-05-2018,27-06-2018,300,1,300,,48.91,USD,NWI,274
17021145,21-05-2018,20-07-2018,554,1,554,,38.22,USD,Mattes Trading,468
17021145,21-05-2018,20-07-2018,543,1,543,,38.22,USD,Mattes Trading,479
17021146,22-05-2018,14-07-2018,100,1,100,,,USD,EXCLUSIVE EQUIPMENTS KENYA,379
17021149,29-05-2018,24-07-2018,348,1,348,,26.1,USD,Dtales,481
17021215,14-05-2018,23-07-2018,2700,1,2700,,22.56,USD,Keefe,70
17021224,20-03-2018,23-07-2018,420,1,420,,41.08,USD,NWI,266
17021224L1,20-03-2018,23-07-2018,300,1,300,,10.5,USD,NWI,252
17021224L2,20-03-2018,23-07-2018,200,1,200,,10.5,USD,NWI,252
17021224L3,20-03-2018,23-07-2018,400,1,400,,9.5,USD,NWI,253
17021224L4,20-03-2018,23-07-2018,600,1,600,,9.5,USD,NWI,253
17021225,23-04-2018,28-05-2018,183,1,183,,38.2,USD,NWI,267
17021225,24-03-2018,28-05-2018,480,1,480,,48.64,USD,NWI,269
17021225,24-03-2018,28-05-2018,270,1,270,,14.51,USD,NWI,265
17021225,24-03-2018,28-05-2018,0,1,0,,55.4,USD,NWI,256
17021225,24-03-2018,28-05-2018,240,1,240,,10.71,USD,NWI,280
17021225,24-03-2018,28-05-2018,175,1,175,,45.49,USD,NWI,338
17021227,05-04-2018,11-06-2018,280,1,280,,61,USD,NWI,260
17021227,05-04-2018,11-06-2018,648,1,648,,17.51,USD,NWI,263
17021227,05-04-2018,11-06-2018,288,1,288,,27.91,USD,NWI,264
17021227,05-04-2018,11-06-2018,200,1,200,,17.67,USD,NWI,259
17021227,05-04-2018,11-06-2018,197,1,197,,28.4,USD,NWI,254
17021227,05-04-2018,11-06-2018,480,1,480,,10.71,USD,NWI,280
17021229,16-04-2018,13-06-2018,650,1,650,,60.48,USD,Apeiron,55
17021229,16-04-2018,13-06-2018,348,1,348,,59.76,USD,Apeiron,21
17021230,16-04-2018,14-06-2018,366,1,366,,25.92,USD,Karsten Intl ,300
17021235,09-05-2018,16-07-2018,210,1,210,,23.97,USD,NWI,273
17021235,09-05-2018,16-07-2018,360,1,360,,14.51,USD,NWI,265
17021235,09-05-2018,16-07-2018,216,1,216,,17.51,USD,NWI,263
17021235,09-05-2018,16-07-2018,187,1,187,,27.91,USD,NWI,264
17021235,09-05-2018,16-07-2018,216,1,216,,16.99,USD,NWI,67
17021235,09-05-2018,16-07-2018,192,1,192,,19.66,USD,NWI,277
17021235,09-05-2018,16-07-2018,504,1,504,,21.17,USD,NWI,278
17021235,09-05-2018,16-07-2018,179,1,179,,37,USD,NWI,279
17021235,09-05-2018,16-07-2018,240,1,240,,10.71,USD,NWI,280
17021236,17-05-2018,10-09-2018,50,1,50,,20.02,USD,LASCO,309
17021236,17-05-2018,10-09-2018,692,1,692,,14.54,USD,LASCO,310
17021236,17-05-2018,10-09-2018,540,1,540,,22.32,USD,LASCO,308
17021236,17-05-2018,10-09-2018,50,1,50,,20.74,USD,LASCO,314
17021236,17-05-2018,10-09-2018,602,1,602,,16.13,USD,LASCO,315
17021236,17-05-2018,10-09-2018,450,1,450,,24.77,USD,LASCO,313
17021236,17-05-2018,10-09-2018,50,1,50,,21.46,USD,LASCO,316
17021236,17-05-2018,10-09-2018,400,1,400,,28.42,USD,LASCO,317
17021236,17-05-2018,10-09-2018,50,1,50,,25.2,USD,LASCO,319
17021236,17-05-2018,10-09-2018,300,1,300,,31.49,USD,LASCO,318
17021236,17-05-2018,10-09-2018,50,1,50,,29.52,USD,LASCO,312
17021236,17-05-2018,10-09-2018,360,1,360,,15.1,USD,LASCO,311
17021237,17-05-2018,25-07-2018,132,1,132,,69.12,USD,Logwood Company,291
17021240,18-05-2018,23-07-2018,504,1,504,,12.57,USD,NWI,270
17021240,18-05-2018,23-07-2018,210,1,210,,23.97,USD,NWI,273
17021240,18-05-2018,23-07-2018,456,1,456,,48.64,USD,NWI,374
17021240,18-05-2018,23-07-2018,252,1,252,,21.11,USD,NWI,371
17021241,02-06-2018,06-08-2018,608,1,608,,38.22,USD,NWI,267
17021241,02-06-2018,06-08-2018,210,1,210,,21.11,USD,NWI,272
17021241,02-06-2018,06-08-2018,270,1,270,,14.51,USD,NWI,265
17021241,02-06-2018,06-08-2018,198,1,198,,77.18,USD,NWI,339
17021242,05-06-2018,07-08-2018,198,1,198,,65.76,USD,NWI,262
17021242,05-06-2018,07-08-2018,864,1,864,,17.51,USD,NWI,263
17021242,05-06-2018,07-08-2018,216,1,216,,27.91,USD,NWI,264
17021242,05-06-2018,07-08-2018,216,1,216,,21.17,USD,NWI,278
17021242,05-06-2018,07-08-2018,588,1,588,,18.9,USD,NWI,283
17021243,05-06-2018,07-08-2018,461,1,461,,48.64,USD,NWI,269
17021243,05-06-2018,07-08-2018,600,1,600,,15.4,USD,NWI,268
17021243,05-06-2018,07-08-2018,216,1,216,,55.4,USD,NWI,256
17021243,05-06-2018,07-08-2018,240,1,240,,64.8,USD,NWI,257
17021244,11-06-2018,13-08-2018,352,1,352,,41.08,USD,NWI,376
17021244,11-06-2018,13-08-2018,504,1,504,,12.57,USD,NWI,375
17021244,11-06-2018,13-08-2018,210,1,210,,21.11,USD,NWI,371
17021244,11-06-2018,13-08-2018,192,1,192,,45.49,USD,NWI,338
17021244,11-06-2018,13-08-2018,180,1,180,,77.18,USD,NWI,339
17021246,23-06-2018,27-08-2018,262,1,262,,61,USD,NWI,260
17021246,23-06-2018,27-08-2018,216,1,216,,17.51,USD,NWI,263
17021246,23-06-2018,27-08-2018,216,1,216,,27.91,USD,NWI,264
17021246,23-06-2018,27-08-2018,504,1,504,,55.4,USD,NWI,256
17021246,23-06-2018,27-08-2018,540,1,540,,16.99,USD,NWI,67
17021246,23-06-2018,27-08-2018,200,1,200,,28.4,USD,NWI,254
17021246,23-06-2018,27-08-2018,192,1,192,,19.66,USD,NWI,277
17021246,23-06-2018,27-08-2018,216,1,216,,21.17,USD,NWI,278
17021247,06-07-2018,13-09-2018,260,1,260,,61,USD,NWI,260
17021247,06-07-2018,13-09-2018,184,1,184,,65.76,USD,NWI,262
17021247,06-07-2018,13-09-2018,216,1,216,,17.51,USD,NWI,263
17021247,06-07-2018,13-09-2018,200,1,200,,17.33,USD,NWI,333
17021247,06-07-2018,13-09-2018,200,1,200,,28.4,USD,NWI,254
17021247,06-07-2018,13-09-2018,288,1,288,,21.17,USD,NWI,278
17021247,06-07-2018,13-09-2018,252,1,252,,18.9,USD,NWI,283
17021248,06-07-2018,10-09-2018,448,1,448,,41.08,USD,NWI,266
17021248,06-07-2018,10-09-2018,352,1,352,,41.08,USD,NWI,376
17021248,06-07-2018,10-09-2018,200,1,200,,32.5,USD,NWI,377
17021248,06-07-2018,10-09-2018,198,1,198,,77.18,USD,NWI,339
17021277,26-03-2018,26-05-2018,425,1,425,,0,USD,Dabur International Ltd,71
17021277,26-03-2018,26-05-2018,425,1,425,,0,USD,Dabur International Ltd,102
17021282,09-04-2018,29-05-2018,1070,1,1070,,,USD,"NAWI ZAMAN , AFGHANISTAN",110
17021282,09-04-2018,29-05-2018,2000,1,2000,,,USD,"NAWI ZAMAN , AFGHANISTAN",120
17021289,03-05-2018,28-06-2018,2332,1,2332,,9.36,USD,United Exchange Corporation,239
17021289,03-05-2018,28-06-2018,1000,1,1000,,9.36,USD,United Exchange Corporation,294
17021290,03-05-2018,02-08-2018,216,1,216,,180,USD,AUROMERE INC.,52
17021290,03-05-2018,02-08-2018,563,1,563,,179,USD,AUROMERE INC.,48
17021291,11-05-2018,10-07-2018,270,1,270,,45,USD,Amercare,14
17021291,11-05-2018,10-07-2018,700,1,700,,21,USD,Amercare,12
17021292,11-05-2018,21-06-2018,100,1,100,,61.2,USD,Energy Ventures,354
17021293,11-05-2018,23-07-2018,335,1,335,,67.68,USD,Kerala Nature,349
17021296,26-05-2018,25-07-2018,300,1,300,,27.22,USD,NWI,336
17021296,26-05-2018,25-07-2018,280,1,280,,61,USD,NWI,260
17021296,26-05-2018,25-07-2018,270,1,270,,17.51,USD,NWI,263
17021296,26-05-2018,25-07-2018,216,1,216,,17.76,USD,NWI,332
17021296,26-05-2018,25-07-2018,216,1,216,,27.91,USD,NWI,264
17021296,26-05-2018,25-07-2018,200,1,200,,17.67,USD,NWI,259
17021296,26-05-2018,25-07-2018,324,1,324,,16.99,USD,NWI,67
17021296,26-05-2018,25-07-2018,288,1,288,,14.36,USD,NWI,281
17021296,26-05-2018,25-07-2018,230,1,230,,14.36,USD,NWI,284
17021297,26-05-2018,25-07-2018,504,1,504,,48.64,USD,NWI,269
17021297,26-05-2018,25-07-2018,288,1,288,,48.64,USD,NWI,374
17021297,26-05-2018,25-07-2018,210,1,210,,21.11,USD,NWI,371
17021299,15-06-2018,20-08-2018,452,1,452,,41.08,USD,NWI,266
17021299,15-06-2018,20-08-2018,608,1,608,,38.22,USD,NWI,267
17021299,15-06-2018,20-08-2018,270,1,270,,14.51,USD,NWI,372
17021302,19-06-2018,09-08-2018,2439,1,2439,,9,USD,Outiprix,426
17021303,19-06-2018,08-11-2018,695,1,695,,14.4,USD,MCM Worldwide Ltd,68
17021303,19-06-2018,08-11-2018,695,1,695,,13.68,USD,MCM Worldwide Ltd,69
17021305,19-06-2018,20-11-2018,2000,1,2000,,8.4,USD,Variety & Discount,505
17021305,19-06-2018,20-11-2018,2000,1,2000,,8.4,USD,Variety & Discount,506
17021305,19-06-2018,20-11-2018,0,1,0,,8.4,USD,Variety & Discount,507
17021306,21-06-2018,20-08-2018,504,1,504,,48.64,USD,NWI,269
17021306,21-06-2018,20-08-2018,440,1,440,,32.5,USD,NWI,377
17021306,21-06-2018,20-08-2018,198,1,198,,77.18,USD,NWI,339
17021307,21-06-2018,27-09-2018,359,1,359,,18.5,USD,NOX SARL,62
17021307,21-06-2018,27-09-2018,1225,1,1225,,16,USD,NOX SARL,63
17021310,03-07-2018,11-09-2018,576,1,576,,38.22,USD,NWI,267
17021310,03-07-2018,11-09-2018,936,1,936,,12.57,USD,NWI,270
17021310,03-07-2018,11-09-2018,192,1,192,,45.49,USD,NWI,338
17021311,05-07-2018,20-09-2018,120,1,120,,14.06,USD,Indus Merchant,401
17021311,05-07-2018,20-09-2018,157,1,157,,,USD,Indus Merchant,400
17021374,11-07-2018,25-09-2018,30,1,30,,26.4,USD,"NAWI ZAMAN , AFGHANISTAN",110
17021374,11-07-2018,25-09-2018,770,1,770,,26.4,USD,"NAWI ZAMAN , AFGHANISTAN",114
17021374,11-07-2018,25-09-2018,2000,1,2000,,25.3,USD,"NAWI ZAMAN , AFGHANISTAN",132
17021423,12-07-2018,17-09-2018,480,1,480,,48.64,USD,NWI,269
17021423,12-07-2018,17-09-2018,504,1,504,,12.57,USD,NWI,270
17021423,12-07-2018,17-09-2018,210,1,210,,21.11,USD,NWI,272
17021423,12-07-2018,17-09-2018,210,1,210,,21.11,USD,NWI,371
17021424,12-07-2018,24-09-2018,571,1,571,,43.05,USD,Thornton,159
17021425,12-07-2018,21-09-2018,680,1,680,,36,USD,Thornton,161
17021426,13-07-2018,07-09-2018,378,1,378,,49.52,USD,Qatar,76
17021426,13-07-2018,07-09-2018,391,1,391,,49.52,USD,Qatar,74
17021426,13-07-2018,07-09-2018,540,1,540,,49.52,USD,Qatar,75
17021426,13-07-2018,07-09-2018,398,1,398,,49.52,USD,Qatar,77
17021426,13-07-2018,07-09-2018,262,1,262,,49.52,USD,Qatar,135
17021426,13-07-2018,07-09-2018,400,1,400,,34.39,USD,Qatar,106
17021428,11-07-2018,20-09-2018,600,1,600,,21.6,USD,Tahi Pacific,494
17021622,20-07-2018,13-09-2018,4100,1,4100,,8.45,USD,Delta Int Trade,330
17021623,20-07-2018,12-09-2018,234,1,234,,4.92,USD,Delta Int Trade,329
17021623,20-07-2018,12-09-2018,683,1,683,,8.45,USD,Delta Int Trade,330
17021624,20-07-2018,19-09-2018,908,1,908,,4.92,USD,Delta Int Trade,329
17021624,20-07-2018,19-09-2018,1277,1,1277,,8.45,USD,Delta Int Trade,330
17021624,20-07-2018,19-09-2018,4130,1,4130,,4.92,USD,Delta Int Trade,323
17021625,20-07-2018,18-09-2018,473,1,473,,24.4,USD,Uragme Srl,142
17021626,23-07-2018,26-09-2018,210,1,210,,21.11,USD,NWI,272
17021626,23-07-2018,26-09-2018,210,1,210,,23.97,USD,NWI,273
17021626,23-07-2018,26-09-2018,270,1,270,,14.51,USD,NWI,265
17021626,23-07-2018,26-09-2018,240,1,240,,14.88,USD,NWI,373
17021626,23-07-2018,26-09-2018,216,1,216,,55.4,USD,NWI,256
17021626,23-07-2018,26-09-2018,224,1,224,,45.49,USD,NWI,338
17021626,23-07-2018,26-09-2018,158,1,158,,77.18,USD,NWI,339
17021627,03-08-2018,24-09-2018,488,1,488,,25.56,USD,Karsten Intl ,146
17021627,03-08-2018,24-09-2018,146,1,146,,29.52,USD,Karsten Intl ,145
17021628,10-08-2018,04-10-2018,480,1,480,,48.64,USD,NWI,269
17021628,10-08-2018,04-10-2018,648,1,648,,12.57,USD,NWI,270
17021628,10-08-2018,04-10-2018,252,1,252,,15.88,USD,NWI,275
17021628,10-08-2018,04-10-2018,240,1,240,,14.36,USD,NWI,284
17021628,10-08-2018,04-10-2018,280,1,280,,21.92,USD,NWI,282
17021629,13-08-2018,22-10-2018,210,1,210,,21.11,USD,NWI,272
17021629,13-08-2018,22-10-2018,270,1,270,,14.51,USD,NWI,265
17021629,13-08-2018,22-10-2018,600,1,600,,15.4,USD,NWI,268
17021629,13-08-2018,22-10-2018,1440,1,1440,,8.96,USD,NWI,285
17021629,13-08-2018,22-10-2018,344,1,344,,55.4,USD,NWI,256
17021673,23-07-2018,30-07-2018,86,1,86,,,USD,EXCLUSIVE EQUIPMENTS KENYA,379
17021676,27-07-2018,08-10-2018,571,1,571,,24.72,USD,Lybar,468
17021676,27-07-2018,08-10-2018,348,1,348,,13.74,USD,Lybar,479
17021676,27-07-2018,08-10-2018,223,1,223,,13.74,USD,Lybar,478
17021677,27-07-2018,07-11-2018,48,1,48,,195,USD,"AUROMERE INC., Brazil",52
17021677,27-07-2018,07-11-2018,48,1,48,,194,USD,"AUROMERE INC., Brazil",48
17021678,02-08-2018,21-08-2018,100,1,100,,29.5,USD,NWI,250
17021678,02-08-2018,21-08-2018,924,1,924,,26.47,USD,NWI,251
17021679,02-08-2018,04-10-2018,702,1,702,,17.51,USD,NWI,263
17021679,02-08-2018,04-10-2018,216,1,216,,27.91,USD,NWI,264
17021679,02-08-2018,04-10-2018,2400,1,2400,,8.96,USD,NWI,285
17021679,02-08-2018,04-10-2018,216,1,216,,55.4,USD,NWI,256
17021680,02-08-2018,18-10-2018,192,1,192,,67.21,USD,NWI,335
17021680,02-08-2018,18-10-2018,378,1,378,,17.51,USD,NWI,263
17021680,02-08-2018,18-10-2018,350,1,350,,17.67,USD,NWI,259
17021680,02-08-2018,18-10-2018,210,1,210,,21.11,USD,NWI,371
17021680,02-08-2018,18-10-2018,200,1,200,,16.99,USD,NWI,67
17021680,02-08-2018,18-10-2018,200,1,200,,28.4,USD,NWI,254
17021680,02-08-2018,18-10-2018,210,1,210,,15.88,USD,NWI,275
17021680,02-08-2018,18-10-2018,224,1,224,,21.92,USD,NWI,282
17021681,02-08-2018,03-10-2018,736,1,736,,41.08,USD,NWI,266
17021681,02-08-2018,03-10-2018,960,1,960,,15.53,USD,NWI,271
17021682,06-08-2018,14-09-2018,1550,1,1550,,15.84,USD,"Bolgan, Ukrain",448
17021772,23-07-2018,11-10-2018,216,1,216,,64.05,USD,NWI,331
17021772,23-07-2018,11-10-2018,198,1,198,,65.76,USD,NWI,262
17021772,23-07-2018,11-10-2018,216,1,216,,17.51,USD,NWI,263
17021772,23-07-2018,11-10-2018,233,1,233,,27.91,USD,NWI,264
17021772,23-07-2018,11-10-2018,200,1,200,,17.67,USD,NWI,259
17021772,23-07-2018,11-10-2018,600,1,600,,8.96,USD,NWI,285
17021772,23-07-2018,11-10-2018,200,1,200,,28.4,USD,NWI,254
17021773,25-07-2018,11-10-2018,350,1,350,,67.68,USD,Kerala Nature,349
17021774,10-08-2018,30-11-2018,150,1,150,,,USD,Qatar,234
17021774,10-08-2018,30-11-2018,150,1,150,,,USD,Qatar,215
17021774,10-08-2018,30-11-2018,150,1,150,,,USD,Qatar,214
17021823,28-07-2018,23-11-2018,100,1,100,,20.02,USD,LASCO,309
17021823,28-07-2018,23-11-2018,450,1,450,,14.54,USD,LASCO,310
17021823,28-07-2018,23-11-2018,600,1,600,,22.32,USD,LASCO,308
17021823,28-07-2018,23-11-2018,100,1,100,,20.74,USD,LASCO,314
17021823,28-07-2018,23-11-2018,450,1,450,,16.13,USD,LASCO,315
17021823,28-07-2018,23-11-2018,400,1,400,,24.77,USD,LASCO,313
17021823,28-07-2018,23-11-2018,70,1,70,,21.46,USD,LASCO,316
17021823,28-07-2018,23-11-2018,808,1,808,,28.42,USD,LASCO,317
17021823,28-07-2018,23-11-2018,70,1,70,,25.2,USD,LASCO,319
17021823,28-07-2018,23-11-2018,70,1,70,,29.52,USD,LASCO,312
17021823,28-07-2018,23-11-2018,279,1,279,,15.1,USD,LASCO,311
17021824,31-07-2018,19-09-2018,4150,1,4150,,8.45,USD,Delta Int Trade,324
17021825,03-08-2018,10-10-2018,1578,1,1578,,8.45,USD,Delta Int Trade,330
17021825,03-08-2018,10-10-2018,668,1,668,,8.45,USD,Delta Int Trade,324
17021825,03-08-2018,10-10-2018,487,1,487,,8.15,USD,Delta Int Trade,327
17021825,03-08-2018,10-10-2018,413,1,413,,8.15,USD,Delta Int Trade,326
17021826,31-07-2018,11-10-2018,560,1,560,,38.22,USD,NWI,267
17021826,31-07-2018,11-10-2018,432,1,432,,12.57,USD,NWI,270
17021826,31-07-2018,11-10-2018,210,1,210,,21.11,USD,NWI,371
17021826,31-07-2018,11-10-2018,270,1,270,,14.51,USD,NWI,372
17021826,31-07-2018,11-10-2018,200,1,200,,37,USD,NWI,279
17021922,21-08-2018,22-04-2019,1600,1,1600,,9.36,USD,United Exchange Corporation,239
17021922,21-08-2018,21-01-2019,1550,1,1550,,9.36,USD,United Exchange Corporation,294
17021922,21-08-2018,21-01-2019,250,1,250,,0,USD,United Exchange Corporation,299
17021923,21-08-2018,17-10-2018,306,1,306,,24.72,USD,Lybar,468
17021923,21-08-2018,17-10-2018,280,1,280,,13.74,USD,Lybar,479
17021923,21-08-2018,17-10-2018,223,1,223,,13.74,USD,Lybar,478
17021924,25-08-2018,15-10-2018,685,1,685,,60.48,USD,Apeiron,55
17021925,25-08-2018,29-10-2018,348,1,348,,14.4,USD,Lybar,141
17021926,25-08-2018,29-10-2018,864,1,864,,17.51,USD,NWI,263
17021926,25-08-2018,29-10-2018,252,1,252,,27.91,USD,NWI,264
17021926,25-08-2018,29-10-2018,200,1,200,,17.67,USD,NWI,259
17021926,25-08-2018,29-10-2018,200,1,200,,17.7,USD,NWI,261
17021926,25-08-2018,29-10-2018,360,1,360,,28.4,USD,NWI,254
17021926,25-08-2018,29-10-2018,192,1,192,,21.17,USD,NWI,278
17021927,29-08-2018,13-11-2018,504,1,504,,12.57,USD,NWI,270
17021927,29-08-2018,13-11-2018,3120,1,3120,,8.96,USD,NWI,285
17021927,29-08-2018,13-11-2018,192,1,192,,45.49,USD,NWI,338
17021928,01-09-2018,15-10-2018,960,1,960,,38.22,USD,NWI,267
17021928,01-09-2018,15-10-2018,400,1,400,,15.53,USD,NWI,271
17021929,01-09-2018,18-10-2018,640,1,640,,38.22,USD,NWI,267
17021929,01-09-2018,18-10-2018,168,1,168,,48.64,USD,NWI,269
17021929,01-09-2018,18-10-2018,160,1,160,,15.53,USD,NWI,271
17021929,01-09-2018,18-10-2018,336,1,336,,23.97,USD,NWI,273
17021930,01-09-2018,30-10-2018,416,1,416,,38.22,USD,NWI,267
17021930,01-09-2018,30-10-2018,600,1,600,,48.64,USD,NWI,269
17021931,01-09-2018,08-11-2018,384,1,384,,41.08,USD,NWI,266
17021931,01-09-2018,08-11-2018,336,1,336,,38.22,USD,NWI,267
17021931,01-09-2018,08-11-2018,504,1,504,,12.57,USD,NWI,270
17021931,01-09-2018,08-11-2018,240,1,240,,15.53,USD,NWI,271
17021931,01-09-2018,08-11-2018,225,1,225,,14.51,USD,NWI,265
17021932,04-09-2018,13-11-2018,350,1,350,,67.68,USD,Kerala Nature,349
17021973,24-08-2018,09-10-2018,560,1,560,,38.22,USD,NWI,267
17021973,24-08-2018,09-10-2018,504,1,504,,12.57,USD,NWI,270
17021973,24-08-2018,09-10-2018,210,1,210,,23.97,USD,NWI,273
17021973,24-08-2018,09-10-2018,840,1,840,,8.96,USD,NWI,285
17021974,24-08-2018,11-10-2018,420,1,420,,41.08,USD,NWI,266
17021974,24-08-2018,11-10-2018,480,1,480,,48.64,USD,NWI,269
17021974,24-08-2018,11-10-2018,336,1,336,,18.9,USD,NWI,283
17021975,24-08-2018,17-09-2018,832,1,832,,38.22,USD,NWI,267
17021975,24-08-2018,17-09-2018,600,1,600,,48.64,USD,NWI,269
17021975,24-08-2018,17-09-2018,1440,1,1440,,15.53,USD,NWI,271
17021975,24-08-2018,17-09-2018,336,1,336,,23.97,USD,NWI,273
17021976,01-09-2018,06-11-2018,2700,1,2700,,22.56,USD,Keefe,70
17021977,01-09-2018,06-11-2018,388,1,388,,44.64,USD,Market Wise,302
17022073,04-09-2018,25-10-2018,125,1,125,,31.29,USD,Kenya,379
17022074,27-08-2018,30-10-2018,1104,1,1104,,24.72,USD,Mattes Trading,468
17022074,27-08-2018,30-10-2018,653,1,653,,13.74,USD,Mattes Trading,479
17022074,27-08-2018,30-10-2018,362,1,362,,13.74,USD,Mattes Trading,478
17022074,27-08-2018,30-10-2018,167,1,167,,26.22,USD,Mattes Trading,480
17022075,06-09-2018,25-10-2018,4150,1,4150,,8.39,USD,Delta Int Trade,330
17022075,06-09-2018,25-10-2018,4150,1,4150,,8.39,USD,Delta Int Trade,324
17022122,28-08-2018,23-10-2018,544,1,544,,41.08,USD,NWI,266
17022122,28-08-2018,23-10-2018,352,1,352,,38.22,USD,NWI,267
17022122,28-08-2018,23-10-2018,620,1,620,,15.53,USD,NWI,271
17022123,28-08-2018,27-10-2018,480,1,480,,41.08,USD,NWI,266
17022123,28-08-2018,27-10-2018,864,1,864,,12.57,USD,NWI,270
17022123,28-08-2018,27-10-2018,378,1,378,,23.97,USD,NWI,273
17022124,28-08-2018,29-10-2018,504,1,504,,48.64,USD,NWI,269
17022124,28-08-2018,29-10-2018,576,1,576,,55.4,USD,NWI,256
17022124,28-08-2018,29-10-2018,288,1,288,,14.36,USD,NWI,281
17022124,28-08-2018,29-10-2018,180,1,180,,77.18,USD,NWI,339
17022126,07-09-2018,15-11-2018,1120,1,1120,,38.22,USD,NWI,267
17022126,07-09-2018,15-11-2018,240,1,240,,8.96,USD,NWI,285
17022127,07-09-2018,20-11-2018,480,1,480,,38.22,USD,NWI,267
17022127,07-09-2018,20-11-2018,504,1,504,,12.57,USD,NWI,270
17022127,07-09-2018,20-11-2018,480,1,480,,15.53,USD,NWI,271
17022127,07-09-2018,20-11-2018,720,1,720,,8.96,USD,NWI,285
17022127,07-09-2018,20-11-2018,216,1,216,,55.4,USD,NWI,256
17022128,07-09-2018,15-11-2018,640,1,640,,38.22,USD,NWI,267
17022128,07-09-2018,15-11-2018,288,1,288,,48.64,USD,NWI,269
17022128,07-09-2018,15-11-2018,252,1,252,,23.97,USD,NWI,273
17022129,07-09-2018,08-11-2018,672,1,672,,48.64,USD,NWI,269
17022129,07-09-2018,08-11-2018,504,1,504,,12.57,USD,NWI,270
17022129,07-09-2018,08-11-2018,196,1,196,,18.9,USD,NWI,283
17022130,07-09-2018,08-11-2018,480,1,480,,15.53,USD,NWI,271
17022130,07-09-2018,08-11-2018,378,1,378,,17.51,USD,NWI,263
17022130,07-09-2018,08-11-2018,504,1,504,,12.57,USD,NWI,375
17022130,07-09-2018,08-11-2018,168,1,168,,21.92,USD,NWI,282
17022130,07-09-2018,08-11-2018,192,1,192,,45.49,USD,NWI,338
17022130,07-09-2018,08-11-2018,180,1,180,,77.18,USD,NWI,339
17022173,11-10-2018,17-12-2018,352,1,352,,41.08,USD,NWI,376
17022173,11-10-2018,17-12-2018,240,1,240,,48.64,USD,NWI,374
17022173,11-10-2018,17-12-2018,504,1,504,,12.57,USD,NWI,375
17022173,11-10-2018,17-12-2018,210,1,210,,21.11,USD,NWI,371
17022173,11-10-2018,17-12-2018,480,1,480,,10.71,USD,NWI,280
17022222,10-09-2018,22-11-2018,200,1,200,,27.22,USD,NWI,336
17022222,10-09-2018,22-11-2018,216,1,216,,64.05,USD,NWI,331
17022222,10-09-2018,22-11-2018,192,1,192,,67.21,USD,NWI,335
17022222,10-09-2018,22-11-2018,216,1,216,,27.91,USD,NWI,264
17022222,10-09-2018,22-11-2018,184,1,184,,16.99,USD,NWI,67
17022222,10-09-2018,22-11-2018,200,1,200,,28.4,USD,NWI,254
17022222,10-09-2018,22-11-2018,192,1,192,,19.66,USD,NWI,277
17022222,10-09-2018,22-11-2018,180,1,180,,15.88,USD,NWI,275
17022222,10-09-2018,22-11-2018,252,1,252,,18.9,USD,NWI,283
17022223,20-09-2018,27-11-2018,348,1,348,,26.1,USD,Dtales,481
17022224,20-09-2018,20-11-2018,402,1,402,,25.92,USD,Karsten Intl ,300
17022225,20-09-2018,06-12-2018,348,1,348,,36,USD,Thornton,161
17022226,20-09-2018,15-01-2019,216,1,216,,185,USD,AUROMERE INC.,39
17022226,20-09-2018,15-01-2019,144,1,144,,180,USD,AUROMERE INC.,52
17022226,20-09-2018,15-01-2019,432,1,432,,179,USD,AUROMERE INC.,48
17022227,22-09-2018,20-11-2018,720,1,720,,12.57,USD,NWI,270
17022227,22-09-2018,20-11-2018,600,1,600,,15.4,USD,NWI,268
17022227,22-09-2018,20-11-2018,504,1,504,,12.57,USD,NWI,375
17022227,22-09-2018,20-11-2018,192,1,192,,45.49,USD,NWI,338
17022228,22-09-2018,27-11-2018,209,1,209,,57.6,USD,Plak Smacker,360
17022233,28-09-2018,15-01-2019,640,1,640,,38.22,USD,NWI,267
17022233,28-09-2018,15-01-2019,312,1,312,,48.64,USD,NWI,269
17022233,28-09-2018,15-01-2019,320,1,320,,15.53,USD,NWI,271
17022234,28-09-2018,28-11-2018,336,1,336,,23.97,USD,NWI,273
17022234,28-09-2018,28-11-2018,270,1,270,,14.51,USD,NWI,265
17022234,28-09-2018,28-11-2018,352,1,352,,41.08,USD,NWI,376
17022234,28-09-2018,28-11-2018,192,1,192,,45.49,USD,NWI,338
17022234,28-09-2018,28-11-2018,180,1,180,,77.18,USD,NWI,339
17022237,09-10-2018,20-12-2018,150,1,150,,49.52,USD,Qatar,76
17022237,09-10-2018,20-12-2018,100,1,100,,49.52,USD,Qatar,74
17022237,09-10-2018,20-12-2018,100,1,100,,49.52,USD,Qatar,75
17022237,09-10-2018,20-12-2018,600,1,600,,34.39,USD,Qatar,106
17022237,09-10-2018,20-12-2018,1700,1,1700,,31.26,USD,Qatar,119
17022239,10-10-2018,17-12-2018,216,1,216,,64.05,USD,NWI,331
17022239,10-10-2018,17-12-2018,216,1,216,,17.76,USD,NWI,332
17022239,10-10-2018,17-12-2018,3000,1,3000,,8.96,USD,NWI,285
17022239,10-10-2018,17-12-2018,288,1,288,,55.4,USD,NWI,256
17022240,10-10-2018,05-12-2018,553,1,553,,24.72,USD,Tomas Rebicek,468
17022240,10-10-2018,05-12-2018,348,1,348,,13.74,USD,Tomas Rebicek,479
17022241,10-10-2018,29-01-2019,250,1,250,,17.64,USD,Tomas Rebicek,471
17022242,09-04-2019,28-04-2019,278,1,278,,,USD,Timus Pharma,72
17022243,19-10-2018,12-12-2018,417,1,417,,44.64,USD,Market Wise,303
17022286,17-10-2018,11-12-2018,462,1,462,,15.4,USD,NWI,268
17022286,17-10-2018,11-12-2018,2160,1,2160,,8.96,USD,NWI,285
17022286,17-10-2018,11-12-2018,432,1,432,,55.4,USD,NWI,256
17022286,17-10-2018,11-12-2018,192,1,192,,45.49,USD,NWI,338
17022325,05-10-2018,04-12-2018,504,1,504,,12.57,USD,NWI,270
17022325,05-10-2018,04-12-2018,270,1,270,,14.51,USD,NWI,265
17022325,05-10-2018,04-12-2018,240,1,240,,48.64,USD,NWI,374
17022325,05-10-2018,04-12-2018,480,1,480,,8.96,USD,NWI,285
17022325,05-10-2018,04-12-2018,360,1,360,,55.4,USD,NWI,256
17022325,05-10-2018,04-12-2018,180,1,180,,77.18,USD,NWI,339
17022326,06-10-2018,07-01-2019,864,1,864,,38.22,USD,NWI,267
17022326,06-10-2018,07-01-2019,336,1,336,,23.97,USD,NWI,273
17022327,06-10-2018,10-12-2018,528,1,528,,48.64,USD,NWI,269
17022327,06-10-2018,10-12-2018,800,1,800,,15.53,USD,NWI,271
17022327,06-10-2018,10-12-2018,480,1,480,,8.96,USD,NWI,285
17022378,04-10-2018,10-12-2018,198,1,198,,65.76,USD,NWI,262
17022378,04-10-2018,10-12-2018,192,1,192,,67.21,USD,NWI,335
17022378,04-10-2018,10-12-2018,200,1,200,,17.67,USD,NWI,259
17022378,04-10-2018,10-12-2018,1440,1,1440,,8.96,USD,NWI,285
17022378,04-10-2018,10-12-2018,216,1,216,,16.99,USD,NWI,67
17022378,04-10-2018,10-12-2018,288,1,288,,21.17,USD,NWI,278
17022380,10-10-2018,07-12-2018,335,1,335,,32.4,USD,Olman LLC,350
17022380,10-10-2018,07-12-2018,250,1,250,,12.8,USD,Olman LLC,447
17022380,10-10-2018,07-12-2018,150,1,150,,15.5,USD,Olman LLC,466
17022380,10-10-2018,07-12-2018,150,1,150,,13,USD,Olman LLC,463
17022380,10-10-2018,07-12-2018,200,1,200,,14.5,USD,Olman LLC,462
17022380,10-10-2018,07-12-2018,250,1,250,,13.5,USD,Olman LLC,465
17022380,10-10-2018,07-12-2018,1200,1,1200,,28.8,USD,Olman LLC,107
17022381,10-10-2018,20-12-2018,180,1,180,,44.4,USD,Fiji,452
17022381,10-10-2018,20-12-2018,200,1,200,,44.4,USD,Fiji,457
17022381,10-10-2018,20-12-2018,210,1,210,,44.4,USD,Fiji,475
17022381,10-10-2018,20-12-2018,150,1,150,,44.4,USD,Fiji,455
17022381,10-10-2018,20-12-2018,150,1,150,,44.4,USD,Fiji,453
17022572,22-10-2018,19-12-2018,105,1,105,,52.8,USD,Kerala Nature,353
17022572,22-10-2018,19-12-2018,350,1,350,,67.68,USD,Kerala Nature,349
17022622,22-10-2018,20-12-2018,550,1,550,,0,USD,Qatar,76
17022622,22-10-2018,20-12-2018,439,1,439,,0,USD,Qatar,74
17022622,22-10-2018,20-12-2018,450,1,450,,0,USD,Qatar,75
17022622,22-10-2018,20-12-2018,400,1,400,,0,USD,Qatar,77
17022622,22-10-2018,20-12-2018,350,1,350,,0,USD,Qatar,135
17022622,22-10-2018,20-12-2018,950,1,950,,0,USD,Qatar,106
17022622,22-10-2018,20-12-2018,1350,1,1350,,0,USD,Qatar,119
17022672,23-10-2018,13-12-2018,1000,1,1000,,4.92,USD,Delta Int Trade,329
17022672,23-10-2018,13-12-2018,3200,1,3200,,8.33,USD,Delta Int Trade,330
17022672,23-10-2018,13-12-2018,4000,1,4000,,8.33,USD,Delta Int Trade,324
17022672,23-10-2018,13-12-2018,1000,1,1000,,8.15,USD,Delta Int Trade,326
17022722,25-10-2018,04-01-2019,480,1,480,,48.64,USD,NWI,269
17022722,25-10-2018,04-01-2019,360,1,360,,14.51,USD,NWI,265
17022722,25-10-2018,04-01-2019,1440,1,1440,,8.96,USD,NWI,285
17022723,25-10-2018,10-01-2019,200,1,200,,27.22,USD,NWI,336
17022723,25-10-2018,10-01-2019,280,1,280,,61,USD,NWI,260
17022723,25-10-2018,10-01-2019,216,1,216,,17.51,USD,NWI,263
17022723,25-10-2018,10-01-2019,207,1,207,,17.76,USD,NWI,332
17022723,25-10-2018,10-01-2019,200,1,200,,17.67,USD,NWI,259
17022723,25-10-2018,10-01-2019,185,1,185,,28.4,USD,NWI,254
17022723,25-10-2018,10-01-2019,192,1,192,,19.66,USD,NWI,277
17022723,25-10-2018,10-01-2019,217,1,217,,21.17,USD,NWI,278
17022723,25-10-2018,10-01-2019,180,1,180,,77.18,USD,NWI,339
17022724,25-10-2018,17-12-2018,380,1,380,,29.52,USD,Karsten Intl ,145
17022772,27-10-2018,05-12-2018,800,1,800,,21.25,USD,Dynarex Corp,153
17022775,03-11-2018,26-12-2018,182,1,182,,65.76,USD,NWI,262
17022775,03-11-2018,26-12-2018,1296,1,1296,,17.51,USD,NWI,263
17022775,03-11-2018,26-12-2018,216,1,216,,16.99,USD,NWI,67
17022775,03-11-2018,26-12-2018,309,1,309,,28.4,USD,NWI,254
17022776,09-11-2018,07-01-2019,564,1,564,,25.56,USD,Karsten Intl ,146
17022777,09-11-2018,17-01-2019,576,1,576,,38.22,USD,NWI,267
17022777,09-11-2018,17-01-2019,420,1,420,,21.11,USD,NWI,371
17022777,09-11-2018,17-01-2019,270,1,270,,14.51,USD,NWI,372
17022777,09-11-2018,17-01-2019,319,1,319,,10.71,USD,NWI,280
17022778,19-11-2018,28-01-2019,2694,1,2694,,25.3,USD,"NAWI ZAMAN , AFGHANISTAN",132
17022779,19-11-2018,28-01-2019,2300,1,2300,,26.4,USD,"NAWI ZAMAN , AFGHANISTAN",114
17022872,31-10-2018,10-01-2019,504,1,504,,12.57,USD,NWI,270
17022872,31-10-2018,10-01-2019,2912,1,2912,,8.96,USD,NWI,285
17022872,31-10-2018,10-01-2019,180,1,180,,77.18,USD,NWI,339
17022874,16-11-2018,24-01-2019,448,1,448,,41.08,USD,NWI,266
17022874,16-11-2018,24-01-2019,252,1,252,,21.11,USD,NWI,371
17022874,16-11-2018,24-01-2019,216,1,216,,55.4,USD,NWI,256
17022874,16-11-2018,24-01-2019,192,1,192,,45.49,USD,NWI,338
17022874,16-11-2018,24-01-2019,180,1,180,,77.18,USD,NWI,339
17022926,03-12-2018,17-01-2019,1042,1,1042,,13.44,USD,Ashtel,59
17022978,14-12-2018,13-02-2019,500,1,500,,24.72,USD,Tomas Rebicek,468
17022978,14-12-2018,13-02-2019,134,1,134,,25.6,USD,Tomas Rebicek,461
17022978,14-12-2018,13-02-2019,280,1,280,,13.74,USD,Tomas Rebicek,479
17022979,14-12-2018,13-02-2019,1320,1,1320,,13.74,USD,Tomas Rebicek,479
17022979,14-12-2018,13-02-2019,792,1,792,,13.74,USD,Tomas Rebicek,478
17022984,21-12-2018,01-02-2019,650,1,650,,24.4,USD,Uragme Srl,142
17022985,21-12-2018,26-02-2019,973,1,973,,20.34,USD,Bigcorp,369
17023022,22-11-2018,23-01-2019,504,1,504,,12.57,USD,NWI,270
17023022,22-11-2018,23-01-2019,270,1,270,,14.51,USD,NWI,265
17023022,22-11-2018,23-01-2019,233,1,233,,17.33,USD,NWI,333
17023022,22-11-2018,23-01-2019,243,1,243,,14.88,USD,NWI,373
17023022,22-11-2018,23-01-2019,400,1,400,,48.91,USD,NWI,274
17023023,22-11-2018,21-01-2019,348,1,348,,26.1,USD,Dtales,58
17023024,22-11-2018,17-01-2019,970,1,970,,16,USD,Karsten Intl ,504
17023028,28-11-2018,10-01-2019,512,1,512,,38.22,USD,NWI,267
17023028,28-11-2018,10-01-2019,1170,1,1170,,14.51,USD,NWI,265
17023029,28-11-2018,29-01-2019,192,1,192,,67.21,USD,NWI,335
17023029,28-11-2018,29-01-2019,324,1,324,,17.51,USD,NWI,263
17023029,28-11-2018,29-01-2019,216,1,216,,17.76,USD,NWI,332
17023029,28-11-2018,29-01-2019,216,1,216,,27.91,USD,NWI,264
17023029,28-11-2018,29-01-2019,200,1,200,,17.67,USD,NWI,259
17023029,28-11-2018,29-01-2019,179,1,179,,17.7,USD,NWI,261
17023029,28-11-2018,29-01-2019,200,1,200,,28.4,USD,NWI,254
17023029,28-11-2018,29-01-2019,186,1,186,,21.92,USD,NWI,282
17023030,28-11-2018,23-01-2019,1184,1,1184,,38.22,USD,NWI,267
17023031,28-11-2018,24-01-2019,624,1,624,,48.64,USD,NWI,269
17023031,28-11-2018,24-01-2019,210,1,210,,21.11,USD,NWI,371
17023031,28-11-2018,24-01-2019,192,1,192,,45.49,USD,NWI,338
17023032,28-11-2018,29-01-2019,834,1,834,,4.12,USD,Tomas Rebicek,468
17023032,28-11-2018,29-01-2019,560,1,560,,2.29,USD,Tomas Rebicek,479
17023032,28-11-2018,29-01-2019,223,1,223,,2.29,USD,Tomas Rebicek,478
17023033,28-11-2018,29-01-2019,280,1,280,,2.22,USD,Tomas Rebicek,451
17023033,28-11-2018,29-01-2019,348,1,348,,2.28,USD,Tomas Rebicek,141
17023039,22-12-2018,04-03-2019,280,1,280,,61,USD,NWI,260
17023039,22-12-2018,04-03-2019,189,1,189,,65.76,USD,NWI,262
17023039,22-12-2018,04-03-2019,702,1,702,,17.51,USD,NWI,263
17023039,22-12-2018,04-03-2019,200,1,200,,17.7,USD,NWI,261
17023039,22-12-2018,04-03-2019,200,1,200,,28.4,USD,NWI,254
17023074,03-12-2018,04-02-2019,2700,1,2700,,22.56,USD,Keefe,70
17023075,07-12-2018,12-02-2019,696,1,696,,26.1,USD,Dtales,481
17023076,07-12-2018,04-02-2019,420,1,420,,41.08,USD,NWI,266
17023076,07-12-2018,04-02-2019,768,1,768,,38.22,USD,NWI,267
17023077,12-12-2018,11-02-2019,576,1,576,,43.05,USD,Thornton,158
17023078L1,12-12-2018,21-02-2019,577,1,577,,43.05,USD,Thornton,159
17023078L2,12-12-2018,21-02-2019,553,1,553,,,USD,Thornton,159
17023079,12-12-2018,20-02-2019,662,1,662,,43.05,USD,Thornton,161
17023080,12-12-2018,19-02-2019,560,1,560,,15.53,USD,NWI,271
17023080,12-12-2018,19-02-2019,640,1,640,,15.4,USD,NWI,268
17023080,12-12-2018,19-02-2019,288,1,288,,14.36,USD,NWI,281
17023080,12-12-2018,19-02-2019,192,1,192,,45.49,USD,NWI,338
17023080,12-12-2018,19-02-2019,180,1,180,,77.18,USD,NWI,339
17023081,12-12-2018,12-02-2019,576,1,576,,38.22,USD,NWI,267
17023081,12-12-2018,12-02-2019,480,1,480,,48.64,USD,NWI,269
17023082,12-12-2018,14-02-2019,50,1,50,,20.02,USD,LASCO,309
17023082,12-12-2018,14-02-2019,640,1,640,,14.54,USD,LASCO,310
17023082,12-12-2018,14-02-2019,400,1,400,,22.32,USD,LASCO,308
17023082,12-12-2018,14-02-2019,50,1,50,,20.74,USD,LASCO,314
17023082,12-12-2018,14-02-2019,850,1,850,,16.13,USD,LASCO,315
17023082,12-12-2018,14-02-2019,450,1,450,,24.77,USD,LASCO,313
17023082,12-12-2018,14-02-2019,53,1,53,,21.46,USD,LASCO,316
17023082,12-12-2018,14-02-2019,530,1,530,,28.42,USD,LASCO,317
17023082,12-12-2018,14-02-2019,50,1,50,,25.2,USD,LASCO,319
17023082,12-12-2018,14-02-2019,450,1,450,,31.49,USD,LASCO,318
17023082,12-12-2018,14-02-2019,50,1,50,,29.52,USD,LASCO,312
17023083,12-12-2018,16-04-2019,50,1,50,,20.02,USD,LASCO,309
17023083,12-12-2018,16-04-2019,600,1,600,,14.54,USD,LASCO,310
17023083,12-12-2018,16-04-2019,512,1,512,,22.32,USD,LASCO,308
17023083,12-12-2018,16-04-2019,50,1,50,,20.74,USD,LASCO,314
17023083,12-12-2018,16-04-2019,580,1,580,,16.13,USD,LASCO,315
17023083,12-12-2018,16-04-2019,433,1,433,,24.77,USD,LASCO,313
17023083,12-12-2018,16-04-2019,50,1,50,,21.46,USD,LASCO,316
17023083,12-12-2018,16-04-2019,580,1,580,,28.42,USD,LASCO,317
17023083,12-12-2018,16-04-2019,76,1,76,,25.2,USD,LASCO,319
17023083,12-12-2018,16-04-2019,300,1,300,,31.49,USD,LASCO,318
17023083,12-12-2018,16-04-2019,50,1,50,,29.52,USD,LASCO,312
17023083,12-12-2018,16-04-2019,200,1,200,,15.1,USD,LASCO,311
17023124,05-12-2018,25-04-2019,0,1,0,,49.52,USD,Naseer Bin Qatar,76
17023124,05-12-2018,25-04-2019,0,1,0,,49.52,USD,Naseer Bin Qatar,74
17023124,05-12-2018,25-04-2019,0,1,0,,49.52,USD,Naseer Bin Qatar,75
17023124,05-12-2018,25-04-2019,0,1,0,,49.52,USD,Naseer Bin Qatar,77
17023124,05-12-2018,25-04-2019,0,1,0,,49.52,USD,Naseer Bin Qatar,135
17023125,11-12-2018,30-01-2019,924,1,924,,21,USD,Amercare,12
17023126,11-12-2018,06-02-2019,3340,1,3340,,9,USD,Outiprix,426
17023127,11-12-2018,12-02-2019,341,1,341,,67.68,USD,Kerala Nature,349
17023284,11-01-2019,28-02-2019,0,1,0,,31.2,USD,KIBOKO,10
17023284,11-01-2019,28-02-2019,0,1,0,,29.1,USD,KIBOKO,11
17023284,11-01-2019,28-02-2019,0,1,0,,19.4,USD,KIBOKO,397
17023284,11-01-2019,28-02-2019,0,1,0,,20.6,USD,KIBOKO,378
17023284,11-01-2019,28-02-2019,0,1,0,,22.2,USD,KIBOKO,379
17023285,14-01-2019,13-02-2019,800,1,800,,38.22,USD,NWI,267
17023285,14-01-2019,13-02-2019,312,1,312,,48.64,USD,NWI,269
17023286,14-01-2019,14-02-2019,672,1,672,,38.22,USD,NWI,267
17023286,14-01-2019,14-02-2019,1120,1,1120,,15.53,USD,NWI,271
17023287,14-01-2019,01-04-2019,486,1,486,,17.51,USD,NWI,263
17023287,14-01-2019,01-04-2019,216,1,216,,27.91,USD,NWI,264
17023287,14-01-2019,01-04-2019,216,1,216,,55.4,USD,NWI,256
17023287,14-01-2019,01-04-2019,360,1,360,,28.4,USD,NWI,254
17023287,14-01-2019,01-04-2019,192,1,192,,45.49,USD,NWI,338
17023287,14-01-2019,01-04-2019,180,1,180,,77.18,USD,NWI,339
17023288,23-01-2019,26-03-2019,768,1,768,,38.22,USD,NWI,267
17023288,23-01-2019,26-03-2019,210,1,210,,23.97,USD,NWI,273
17023288,23-01-2019,26-03-2019,1080,1,1080,,8.96,USD,NWI,285
17023289,23-01-2019,08-04-2019,448,1,448,,41.08,USD,NWI,266
17023289,23-01-2019,08-04-2019,480,1,480,,48.64,USD,NWI,269
17023289,23-01-2019,08-04-2019,288,1,288,,55.4,USD,NWI,256
17023291,25-01-2019,18-03-2019,4620,1,4620,,5.52,USD,Karsten Intl ,365
17023331,10-01-2019,14-03-2019,576,1,576,,38.22,USD,NWI,267
17023331,10-01-2019,14-03-2019,288,1,288,,55.4,USD,NWI,256
17023331,14-02-2019,14-03-2019,135,1,135,,,USD,NWI,254
17023331,10-01-2019,14-03-2019,192,1,192,,45.49,USD,NWI,338
17023331,10-01-2019,14-03-2019,180,1,180,,77.18,USD,NWI,339
17023332,10-01-2019,12-03-2019,600,1,600,,12.33,USD,Shield Line LLC,337
17023332,10-01-2019,12-03-2019,1000,1,1000,,10.75,USD,Shield Line LLC,340
17023334,10-01-2019,10-03-2019,323,1,323,,,USD,Naseer Bin Qatar,76
17023334,10-01-2019,10-03-2019,300,1,300,,,USD,Naseer Bin Qatar,74
17023334,10-01-2019,10-03-2019,400,1,400,,,USD,Naseer Bin Qatar,75
17023334,10-01-2019,10-03-2019,400,1,400,,,USD,Naseer Bin Qatar,77
17023334,10-01-2019,10-03-2019,405,1,405,,,USD,Naseer Bin Qatar,135
17023334,10-01-2019,10-03-2019,600,1,600,,,USD,Naseer Bin Qatar,106
17023334,10-01-2019,10-03-2019,500,1,500,,,USD,Naseer Bin Qatar,119
17023335,11-01-2019,08-04-2019,448,1,448,,41.08,USD,NWI,266
17023335,11-01-2019,08-04-2019,270,1,270,,14.51,USD,NWI,265
17023335,11-01-2019,08-04-2019,600,1,600,,15.4,USD,NWI,268
17023335,11-01-2019,08-04-2019,840,1,840,,8.96,USD,NWI,285
17023336,11-01-2019,13-03-2019,695,1,695,,60.48,USD,Apeiron,55
17023339,17-01-2019,11-03-2019,431,1,431,,13.32,USD,Tomas Rebicek,451
17023340,21-01-2019,16-04-2019,480,1,480,,48.64,USD,NWI,269
17023340,21-01-2019,16-04-2019,560,1,560,,15.53,USD,NWI,271
17023340,21-01-2019,16-04-2019,600,1,600,,8.96,USD,NWI,285
17023340,21-01-2019,16-04-2019,252,1,252,,15.88,USD,NWI,275
17023340,21-01-2019,16-04-2019,168,1,168,,18.9,USD,NWI,283
17023363,21-03-2019,15-05-2019,350,1,350,,67.68,USD,Kerala Nature,349
17023364,21-03-2019,22-05-2019,461,1,461,,22.9,USD,Uragme Srl,241
17023377,17-01-2019,17-04-2019,246,1,246,,105,USD,AUROMERE INC.,24
17023424,28-12-2018,18-03-2019,900,1,900,,9.36,USD,United Exchange Corporation,294
17023424,28-12-2018,18-03-2019,900,1,900,,8.64,USD,United Exchange Corporation,299
17023433,14-02-2019,15-04-2019,736,1,736,,38.22,USD,NWI,267
17023433,14-02-2019,15-04-2019,560,1,560,,15.53,USD,NWI,271
17023433,14-02-2019,15-04-2019,210,1,210,,23.97,USD,NWI,273
17023434,14-02-2019,17-04-2019,264,1,264,,61,USD,NWI,260
17023434,14-02-2019,17-04-2019,216,1,216,,27.91,USD,NWI,264
17023434,14-02-2019,17-04-2019,200,1,200,,17.67,USD,NWI,259
17023434,14-02-2019,17-04-2019,224,1,224,,45.49,USD,NWI,338
17023434,14-02-2019,17-04-2019,270,1,270,,77.18,USD,NWI,339
17023435,14-02-2019,22-04-2019,504,1,504,,12.57,USD,NWI,270
17023435,14-02-2019,22-04-2019,600,1,600,,15.4,USD,NWI,268
17023435,14-02-2019,22-04-2019,504,1,504,,12.57,USD,NWI,375
17023435,14-02-2019,22-04-2019,480,1,480,,8.96,USD,NWI,285
17023435,14-02-2019,22-04-2019,216,1,216,,55.4,USD,NWI,256
17023435,14-02-2019,22-04-2019,252,1,252,,18.9,USD,NWI,283
17023436,14-02-2019,25-03-2019,6000,1,6000,,7.68,USD,NWI,17
17023437,14-02-2019,16-04-2019,7000,1,7000,,7.68,USD,NWI,17
17023438,22-02-2019,16-04-2019,278,1,278,,44.6,USD,Market Wise,303
17023438,15-02-2019,16-04-2019,417,1,417,,44.64,USD,Market Wise,304
17023439,15-02-2019,09-04-2019,2700,1,2700,,22.56,USD,Keefe,70
17023440,15-02-2019,09-04-2019,350,1,350,,67.68,USD,Kerala Nature,349
17023446,25-02-2019,15-04-2019,348,1,348,,28.5,USD,Karsten Intl ,145
17023457,27-03-2019,27-05-2019,448,1,448,,41.08,USD,NWI,266
17023457,27-03-2019,27-05-2019,1008,1,1008,,12.57,USD,NWI,270
17023457,27-03-2019,27-05-2019,336,1,336,,23.97,USD,NWI,273
17023460,03-04-2019,09-07-2019,144,1,144,,185,USD,Auromere Inc,39
17023460,03-04-2019,09-07-2019,72,1,72,,180,USD,Auromere Inc,52
17023460,03-04-2019,09-07-2019,504,1,504,,179,USD,Auromere Inc,48
17023460,03-04-2019,09-07-2019,72,1,72,,190,USD,Auromere Inc,46
17023461,03-04-2019,06-06-2019,4920,1,4920,,8.96,USD,NWI,285
17023462,03-04-2019,15-06-2019,187,1,187,,31,USD,Myanmar,196
17023466,12-04-2019,14-06-2019,170,1,170,,44.4,USD,"Tahi Pacific, Fiji",452
17023466,12-04-2019,14-06-2019,350,1,350,,44.4,USD,"Tahi Pacific, Fiji",457
17023466,12-04-2019,14-06-2019,170,1,170,,44.4,USD,"Tahi Pacific, Fiji",475
17023466,12-04-2019,14-06-2019,115,1,115,,44.4,USD,"Tahi Pacific, Fiji",455
17023466,12-04-2019,14-06-2019,100,1,100,,44.4,USD,"Tahi Pacific, Fiji",453
17023467,24-04-2019,14-06-2019,230,1,230,,,USD,Fiji,494
17023468,24-04-2019,24-06-2019,640,1,640,,41.08,USD,NWI,266
17023468,24-04-2019,24-06-2019,333,1,333,,21.11,USD,NWI,272
17023468,24-04-2019,24-06-2019,336,1,336,,23.97,USD,NWI,273
17023469,30-04-2019,12-08-2019,1705,1,1705,,35.41,USD,NWI,498
17023469,30-04-2019,12-08-2019,884,1,884,,44.91,USD,NWI,499
17023469,30-04-2019,12-08-2019,1145,1,1145,,11.27,USD,NWI,497
17023469,30-04-2019,12-08-2019,246,1,246,,18.87,USD,NWI,500
17023470,30-04-2019,12-09-2019,887,0,,,35.41,USD,NWI,498
17023470,30-04-2019,12-09-2019,884,0,,,44.91,USD,NWI,499
17023470,30-04-2019,12-09-2019,1145,0,,,11.27,USD,NWI,497
17023470,30-04-2019,12-09-2019,246,0,,,18.87,USD,NWI,500
17023470L1,30-04-2019,12-09-2019,818,0,,,35.41,USD,NWI,498
17023476,27-12-2018,07-03-2019,225,1,225,,14.51,USD,NWI,265
17023476,27-12-2018,07-03-2019,224,1,224,,21.92,USD,NWI,282
17023476,27-12-2018,07-03-2019,240,1,240,,10.71,USD,NWI,280
17023476,27-12-2018,07-03-2019,576,1,576,,45.49,USD,NWI,338
17023476,27-12-2018,07-03-2019,180,1,180,,77.18,USD,NWI,339
17023477,03-01-2019,26-02-2019,639,1,639,,25.56,USD,Karsten Intl ,146
17023477,03-01-2019,26-02-2019,506,1,506,,25.92,USD,Karsten Intl ,300
17023479,09-01-2019,06-03-2019,341,1,341,,67.68,USD,Kerala Nature,349
17023480,09-01-2019,13-03-2019,817,1,817,,24.72,USD,Tomas Rebicek,468
17023481,09-01-2019,11-03-2019,1026,1,1026,,17.51,USD,NWI,263
17023481,09-01-2019,11-03-2019,216,1,216,,27.91,USD,NWI,264
17023481,09-01-2019,11-03-2019,1080,1,1080,,8.96,USD,NWI,285
17023481,09-01-2019,11-03-2019,360,1,360,,28.4,USD,NWI,254
17023489,04-02-2019,11-03-2019,6000,1,6000,,,USD,NWI,17
17023503,08-03-2019,24-04-2019,4920,1,4920,,8.96,USD,NWI,285
17023504,08-03-2019,20-05-2019,2520,1,2520,,8.96,USD,NWI,285
17023504,08-03-2019,20-05-2019,792,1,792,,55.4,USD,NWI,256
17023504,08-03-2019,20-05-2019,216,1,216,,77.18,USD,NWI,339
17023505,22-03-2019,20-05-2019,576,1,576,,38.22,USD,NWI,267
17023505,22-03-2019,20-05-2019,1368,1,1368,,12.57,USD,NWI,270
17023506,22-03-2019,20-05-2019,288,1,288,,38.22,USD,NWI,267
17023506,22-03-2019,20-05-2019,528,1,528,,48.64,USD,NWI,269
17023506,22-03-2019,20-05-2019,216,1,216,,55.4,USD,NWI,256
17023506,22-03-2019,20-05-2019,600,1,600,,10.71,USD,NWI,280
17023507,22-03-2019,21-05-2019,996,1,996,,17.51,USD,NWI,263
17023507,22-03-2019,21-05-2019,288,1,288,,27.91,USD,NWI,264
17023507,22-03-2019,21-05-2019,350,1,350,,17.67,USD,NWI,259
17023507,22-03-2019,21-05-2019,378,1,378,,28.4,USD,NWI,254
17023508,22-03-2019,20-05-2019,992,1,992,,34.56,USD,Quantum,477
17023515,03-04-2019,28-05-2019,1635,1,1635,,8.4,USD,Variety & Discount,505
17023515,03-04-2019,28-05-2019,1577,1,1577,,8.4,USD,Variety & Discount,506
17023515,03-04-2019,28-05-2019,800,1,800,,8.4,USD,Variety & Discount,507
17023516,03-04-2019,06-06-2019,2100,1,2100,,12.36,USD,Delta Int Trade,61
17023532,17-04-2019,15-07-2019,1705,1,1705,,35.41,USD,NWI,498
17023532,17-04-2019,15-07-2019,884,1,884,,44.91,USD,NWI,499
17023532,17-04-2019,15-07-2019,1145,1,1145,,11.27,USD,NWI,497
17023532,17-04-2019,15-07-2019,246,1,246,,18.87,USD,NWI,500
17023533,17-04-2019,15-06-2019,720,1,720,,48.64,USD,NWI,269
17023533,17-04-2019,15-06-2019,428,1,428,,14.51,USD,NWI,265
17023534,17-04-2019,12-06-2019,1184,1,1184,,,USD,NWI,267
17023535,17-04-2019,12-06-2019,951,1,951,,13.74,USD,Tomas Rebicek,479
17023535,17-04-2019,12-06-2019,1200,1,1200,,13.74,USD,Tomas Rebicek,478
17023537,07-05-2019,20-06-2019,3333,1,3333,,4.66,USD,US Nonwovens,248
17023537,07-05-2019,20-06-2019,3333,1,3333,,4.66,USD,US Nonwovens,249
17023538,07-05-2019,27-06-2019,3333,1,3333,,4.66,USD,US Nonwovens,248
17023538,07-05-2019,27-06-2019,3333,1,3333,,4.66,USD,US Nonwovens,249
17023539,07-05-2019,28-06-2019,1600,1,1600,,10.7,USD,International Wholesale,287
17023539,07-05-2019,28-06-2019,1800,1,1800,,10.7,USD,International Wholesale,286
17023572,07-02-2019,03-04-2019,3480,1,3480,,8.96,USD,NWI,285
17023572,07-02-2019,03-04-2019,756,1,756,,18.9,USD,NWI,283
17023623,08-02-2019,16-04-2019,576,1,576,,43.05,USD,Thornton,158
17023633,22-02-2019,02-05-2019,2640,1,2640,,8.96,USD,NWI,285
17023633,22-02-2019,02-05-2019,432,1,432,,55.4,USD,NWI,256
17023633,22-02-2019,02-05-2019,252,1,252,,18.9,USD,NWI,283
17023633,22-02-2019,02-05-2019,180,1,180,,77.18,USD,NWI,339
17023634,22-02-2019,23-04-2019,420,1,420,,41.08,USD,NWI,266
17023634,22-02-2019,23-04-2019,480,1,480,,48.64,USD,NWI,269
17023634,22-02-2019,23-04-2019,210,1,210,,21.11,USD,NWI,272
17023635,22-02-2019,23-04-2019,500,1,500,,38.22,USD,NWI,267
17023635,22-02-2019,23-04-2019,720,1,720,,12.57,USD,NWI,270
17023635,17-04-2019,23-04-2019,800,1,800,,,USD,NWI,271
17023636,22-02-2019,03-04-2019,416,1,416,,38.22,USD,NWI,267
17023636,22-02-2019,03-04-2019,1600,1,1600,,15.53,USD,NWI,271
17023637,22-02-2019,08-04-2019,896,1,896,,38.22,USD,NWI,267
17023637,22-02-2019,08-04-2019,192,1,192,,48.64,USD,NWI,269
17023641,04-03-2019,02-05-2019,252,1,252,,18.9,USD,NWI,283
17023641,04-03-2019,02-05-2019,360,1,360,,10.71,USD,NWI,280
17023641,04-03-2019,02-05-2019,192,1,192,,45.49,USD,NWI,338
17023641,04-03-2019,02-05-2019,172,1,172,,77.18,USD,NWI,339
17023641,04-03-2019,02-05-2019,3300,1,3300,,7.68,USD,NWI,17
17023642,04-03-2019,07-05-2019,695,1,695,,60.48,USD,Apeiron,55
17023643,05-03-2019,06-05-2019,134,1,134,,2.56,USD,Tomas Rebicek,461
17023643,05-03-2019,06-05-2019,250,1,250,,2.29,USD,Tomas Rebicek,479
17023643,05-03-2019,06-05-2019,348,1,348,,2.29,USD,Tomas Rebicek,478
17023644,05-03-2019,06-05-2019,280,1,280,,2.2,USD,Tomas Rebicek,451
17023645,05-03-2019,26-06-2019,51,1,51,,116.6,USD,Auromere Inc,25
17023645,05-03-2019,26-06-2019,30,1,30,,305,USD,Auromere Inc,56
17023645,05-03-2019,26-06-2019,30,1,30,,305,USD,Auromere Inc,29
17023645,05-03-2019,26-06-2019,30,1,30,,305,USD,Auromere Inc,32
17023645,05-03-2019,26-06-2019,30,1,30,,305,USD,Auromere Inc,28
17023646,14-03-2019,14-05-2019,500,1,500,,48.64,USD,NWI,269
17023646,14-03-2019,14-05-2019,1100,1,1100,,15.53,USD,NWI,271
17023647L1,14-03-2019,29-04-2019,600,1,600,,38.22,USD,NWI,267
17023647L2,14-03-2019,29-04-2019,600,1,600,,38.22,USD,NWI,267
17023648,14-03-2019,06-05-2019,1200,1,1200,,38.22,USD,NWI,267
17023649,14-03-2019,09-05-2019,800,1,800,,48.64,USD,NWI,269
17023649,14-03-2019,09-05-2019,200,1,200,,23.97,USD,NWI,273
17023651,15-03-2019,13-05-2019,1850,1,1850,,15.4,USD,NWI,268
17023652,15-03-2019,13-05-2019,448,1,448,,41.08,USD,NWI,266
17023652,15-03-2019,13-05-2019,216,1,216,,21.11,USD,NWI,272
17023652,15-03-2019,13-05-2019,276,1,276,,14.36,USD,NWI,281
17023652,15-03-2019,13-05-2019,224,1,224,,45.49,USD,NWI,338
17023652,15-03-2019,13-05-2019,180,1,180,,77.18,USD,NWI,339
17023656,15-03-2019,14-05-2019,86,1,86,,14.54,USD,LASCO,310
17023656,15-03-2019,14-05-2019,538,1,538,,22.32,USD,LASCO,308
17023656,15-03-2019,14-05-2019,267,1,267,,16.13,USD,LASCO,315
17023656,15-03-2019,14-05-2019,961,1,961,,24.77,USD,LASCO,313
17023656,15-03-2019,14-05-2019,425,1,425,,28.42,USD,LASCO,317
17023656,15-03-2019,14-05-2019,850,1,850,,31.49,USD,LASCO,318
17023656,15-03-2019,14-05-2019,200,1,200,,15.1,USD,LASCO,311
17023658,15-03-2019,06-06-2019,524,1,524,,14.54,USD,LASCO,310
17023658,15-03-2019,06-06-2019,450,1,450,,22.32,USD,LASCO,308
17023658,15-03-2019,06-06-2019,600,1,600,,16.13,USD,LASCO,315
17023658,15-03-2019,06-06-2019,400,1,400,,24.77,USD,LASCO,313
17023658,15-03-2019,06-06-2019,601,1,601,,28.42,USD,LASCO,317
17023658,15-03-2019,06-06-2019,500,1,500,,31.49,USD,LASCO,318
17023658,15-03-2019,06-06-2019,133,1,133,,15.1,USD,LASCO,311
17023668,04-04-2019,04-06-2019,448,1,448,,41.08,USD,NWI,266
17023668,17-04-2019,04-06-2019,300,1,300,,,USD,NWI,267
17023668,04-04-2019,04-06-2019,0,1,0,,15.53,USD,NWI,271
17023668,04-04-2019,04-06-2019,360,1,360,,14.51,USD,NWI,265
17023668,04-04-2019,04-06-2019,432,1,432,,55.4,USD,NWI,256
17023668,04-04-2019,04-06-2019,360,1,360,,10.71,USD,NWI,280
17023669,05-04-2019,05-06-2019,1650,1,1650,,8.96,USD,NWI,285
17023669,05-04-2019,05-06-2019,320,1,320,,45.49,USD,NWI,338
17023669,05-04-2019,05-06-2019,347,1,347,,77.18,USD,NWI,339
17023670,05-04-2019,10-07-2019,1127,1,1127,,43.05,USD,Thornton,159
17023671,05-04-2019,20-05-2019,1500,1,1500,,,USD,"NAWI ZAMAN , AFGHANISTAN",114
17023671,05-04-2019,20-05-2019,1000,1,1000,,,USD,"NAWI ZAMAN , AFGHANISTAN",132
17023678,27-02-2019,01-05-2019,280,1,280,,61,USD,NWI,260
17023678,27-02-2019,01-05-2019,198,1,198,,65.76,USD,NWI,262
17023678,27-02-2019,01-05-2019,540,1,540,,17.51,USD,NWI,263
17023678,27-02-2019,01-05-2019,216,1,216,,27.91,USD,NWI,264
17023678,27-02-2019,01-05-2019,200,1,200,,17.67,USD,NWI,259
17023678,27-02-2019,01-05-2019,216,1,216,,16.99,USD,NWI,67
17023679,27-02-2019,06-05-2019,736,1,736,,,USD,NWI,267
17023679,27-02-2019,06-05-2019,270,1,270,,,USD,NWI,265
17023679,27-02-2019,06-05-2019,840,1,840,,,USD,NWI,285
17023679,27-02-2019,06-05-2019,216,1,216,,55.4,USD,NWI,256
17023772,29-03-2019,24-06-2019,280,1,280,,105,USD,Auromere Inc,24
17023825,10-04-2019,11-06-2019,280,1,280,,61,USD,NWI,260
17023825,10-04-2019,11-06-2019,192,1,192,,65.76,USD,NWI,262
17023825,10-04-2019,11-06-2019,701,1,701,,17.51,USD,NWI,263
17023825,10-04-2019,11-06-2019,400,1,400,,28.4,USD,NWI,254
17023833,23-04-2019,27-06-2019,720,1,720,,8.96,USD,NWI,285
17023833,23-04-2019,27-06-2019,432,1,432,,55.4,USD,NWI,256
17023833,23-04-2019,27-06-2019,80,1,80,,29.5,USD,NWI,250
17023833,23-04-2019,27-06-2019,320,1,320,,45.49,USD,NWI,338
17023833,23-04-2019,27-06-2019,360,1,360,,77.18,USD,NWI,339
17023838,10-05-2019,04-07-2019,556,1,556,,44.64,USD,Market Wise,302
17023838,10-05-2019,04-07-2019,139,1,139,,44.64,USD,Market Wise,303
17023839,10-05-2019,29-07-2019,576,1,576,,43.05,USD,Thornton,158
17023840,10-05-2019,23-07-2019,696,1,696,,36,USD,Thornton,161
17023841,17-05-2019,18-07-2019,1500,1,1500,,9.36,USD,United Exchange Corporation,294
17023842,17-05-2019,08-07-2019,7000,1,7000,,7.68,USD,NWI,16
17023843,17-05-2019,11-07-2019,973,1,973,,17.39,USD,Bigcorp,369
17023844,21-05-2019,22-07-2019,1152,1,1152,,38.22,USD,NWI,267
17023845,21-05-2019,23-07-2019,816,1,816,,48.64,USD,NWI,269
17023845,21-05-2019,23-07-2019,192,1,192,,14.36,USD,NWI,281
17023845,21-05-2019,23-07-2019,240,1,240,,14.36,USD,NWI,284
17023850,27-05-2019,22-07-2019,2700,1,2700,,22.56,USD,Keefe,70
17023872,09-04-2019,23-05-2019,0,1,0,,35.41,USD,NWI,498
17023872,09-04-2019,23-05-2019,375,1,375,,,USD,NWI,499
17023872,09-04-2019,23-05-2019,1527,1,1527,,11.27,USD,NWI,497
17023872,09-04-2019,23-05-2019,0,1,0,,18.87,USD,NWI,500
17023873,09-04-2019,05-06-2019,263,1,263,,,USD,NWI,498
17023873,09-04-2019,05-06-2019,717,1,717,,44.91,USD,NWI,499
17023874,09-04-2019,04-07-2019,1193,1,1193,,35.41,USD,NWI,498
17023874,09-04-2019,04-07-2019,0,1,0,,44.91,USD,NWI,499
17023875,09-04-2019,09-07-2019,927,1,927,,35.41,USD,NWI,498
17023875,09-04-2019,09-07-2019,328,1,328,,,USD,NWI,500
17023880,19-04-2019,10-06-2019,1500,1,1500,,9.36,USD,United Exchange Corporation,294
17023881,19-04-2019,13-06-2019,417,1,417,,17.71,USD,Karsten Intl ,1
17023882,26-04-2019,04-07-2019,695,1,695,,26.1,USD,Dtales,481
17023884,04-05-2019,11-07-2019,308,1,308,,61,USD,NWI,260
17023884,04-05-2019,11-07-2019,648,1,648,,17.51,USD,NWI,263
17023884,04-05-2019,11-07-2019,288,1,288,,27.91,USD,NWI,264
17023884,04-05-2019,11-07-2019,200,1,200,,17.67,USD,NWI,259
17023884,04-05-2019,11-07-2019,200,1,200,,17.7,USD,NWI,261
17023885,04-05-2019,11-07-2019,1782,1,1782,,12.57,USD,NWI,270
17023885,04-05-2019,11-07-2019,432,1,432,,55.4,USD,NWI,256
17023885,04-05-2019,11-07-2019,336,1,336,,18.9,USD,NWI,283
17023888,20-05-2019,18-07-2019,7001,1,7001,,7.68,USD,NWI,17
17023923,11-04-2019,11-06-2019,864,1,864,,12.57,USD,NWI,270
17023923,11-04-2019,11-06-2019,3240,1,3240,,8.96,USD,NWI,285
17023924,12-04-2019,21-06-2019,1600,1,1600,,26.4,USD,"NAWI ZAMAN , AFGHANISTAN",114
17023924,12-04-2019,21-06-2019,1252,1,1252,,25.3,USD,"NAWI ZAMAN , AFGHANISTAN",132
17023933,17-05-2019,07-07-2019,180,1,180,,,USD,West Indies,387
17023974,25-04-2019,04-07-2019,350,1,350,,67.68,USD,Kerala Nature,349
17023975,25-04-2019,12-06-2019,658,1,658,,25.56,USD,Karsten Intl ,146
17023975,25-04-2019,12-06-2019,506,1,506,,25.92,USD,Karsten Intl ,300
17024023,10-05-2019,20-06-2019,6889,1,6889,,7.68,USD,NWI,17
17024024,13-05-2019,25-06-2019,300,1,300,,,USD,Qatar,76
17024024,13-05-2019,25-06-2019,231,1,231,,,USD,Qatar,74
17024024,13-05-2019,25-06-2019,400,1,400,,,USD,Qatar,75
17024024,13-05-2019,25-06-2019,175,1,175,,,USD,Qatar,77
17024024,13-05-2019,25-06-2019,150,1,150,,,USD,Qatar,135
17024024,13-05-2019,25-06-2019,110,1,110,,,USD,Qatar,106
17024024,13-05-2019,25-06-2019,1800,1,1800,,,USD,Qatar,119
25090001,03-06-2019,14-07-2019,513,1,513,,,USD,Olman LLC,350
25090001,03-06-2019,14-07-2019,588,1,588,,,USD,Olman LLC,107
25090003,06-06-2019,01-08-2019,500,1,500,,23,USD,NWI,65
25090003,06-06-2019,01-08-2019,850,1,850,,31.14,USD,NWI,64
25090004,06-06-2019,01-08-2019,336,1,336,,18.9,USD,NWI,283
25090004,06-06-2019,01-08-2019,544,1,544,,45.49,USD,NWI,338
25090004,06-06-2019,01-08-2019,360,1,360,,77.18,USD,NWI,339
25090005,06-06-2019,02-08-2019,336,1,336,,61,USD,NWI,260
25090005,06-06-2019,02-08-2019,252,1,252,,65.76,USD,NWI,262
25090005,06-06-2019,02-08-2019,350,1,350,,17.67,USD,NWI,259
25090005,06-06-2019,02-08-2019,400,1,400,,28.4,USD,NWI,254
25090006,06-06-2019,01-08-2019,237,0,,,25.2,USD,Uragme Srl,244
25090006,06-06-2019,01-08-2019,981,0,,,19.62,USD,Uragme Srl,246
25090008,11-06-2019,05-08-2019,864,1,864,,12.57,USD,NWI,270
25090008,11-06-2019,05-08-2019,560,1,560,,15.53,USD,NWI,271
25090008,11-06-2019,05-08-2019,780,1,780,,15.4,USD,NWI,268
25090009,11-06-2019,14-08-2019,672,1,672,,41.08,USD,NWI,266
25090009,11-06-2019,14-08-2019,540,1,540,,14.51,USD,NWI,265
25090009,11-06-2019,14-08-2019,504,1,504,,55.4,USD,NWI,256
25090010,11-06-2019,06-08-2019,350,1,350,,67.68,USD,Kerala Nature,349
25090051,11-06-2019,20-08-2019,2700,1,2700,,22.56,USD,Keefe,70
25090100,07-06-2019,22-07-2019,616,1,616,,105,USD,Auromere Inc,24
25090101,07-06-2019,02-09-2019,144,0,,,185,USD,Auromere Inc,39
25090101,07-06-2019,02-09-2019,216,0,,,180,USD,Auromere Inc,52
25090101,07-06-2019,02-09-2019,432,0,,,179,USD,Auromere Inc,48
25090150,14-06-2019,12-08-2019,336,1,336,,21.11,USD,NWI,272
25090150,14-06-2019,12-08-2019,600,1,600,,15.4,USD,NWI,268
25090150,14-06-2019,12-08-2019,2160,1,2160,,8.96,USD,NWI,285
25090151,14-06-2019,06-08-2019,240,1,240,,24.72,USD,Tomas Rebicek,468
25090151,14-06-2019,06-08-2019,348,1,348,,13.74,USD,Tomas Rebicek,479
25090151,14-06-2019,06-08-2019,116,1,116,,49.68,USD,Tomas Rebicek,469
25090152,14-06-2019,06-08-2019,348,1,348,,13.68,USD,Tomas Rebicek,141
25090202,22-06-2019,16-09-2019,1154,0,,,43.05,USD,Thornton,159
25090203,22-06-2019,14-08-2019,7000,1,7000,,7.68,USD,NWI,17
25090350,19-06-2019,05-08-2019,827,1,827,,14.54,USD,LASCO,310
25090350,19-06-2019,05-08-2019,200,1,200,,22.32,USD,LASCO,308
25090350,19-06-2019,05-08-2019,200,1,200,,16.13,USD,LASCO,315
25090350,19-06-2019,05-08-2019,200,1,200,,28.42,USD,LASCO,317
25090351,19-06-2019,07-10-2019,980,0,,,14.54,USD,LASCO,310
25090351,19-06-2019,07-10-2019,490,0,,,22.32,USD,LASCO,308
25090351,19-06-2019,07-10-2019,529,0,,,16.13,USD,LASCO,315
25090351,19-06-2019,07-10-2019,390,0,,,24.77,USD,LASCO,313
25090351,19-06-2019,07-10-2019,640,0,,,28.42,USD,LASCO,317
25090351,19-06-2019,07-10-2019,505,0,,,15.1,USD,LASCO,311
25090500,26-06-2019,09-10-2019,1705,0,,,35.41,USD,NWI,498
25090500,26-06-2019,09-10-2019,884,0,,,44.91,USD,NWI,499
25090500,26-06-2019,09-10-2019,1145,0,,,11.27,USD,NWI,497
25090500,26-06-2019,09-10-2019,246,0,,,18.87,USD,NWI,500
25090502,28-06-2019,20-08-2019,100,0,,,180,USD,Abazeer,43
25090503,28-06-2019,01-08-2019,3340,1,3340,,9,USD,Outiprix,426
25090553,03-07-2019,13-08-2019,1100,1,1100,,15.5,USD,Dynarex,152
25090553,03-07-2019,13-08-2019,220,1,220,,21.25,USD,Dynarex,153
25090601,03-07-2019,20-08-2019,1001,1,1001,,16,USD,Karsten Intl ,504
25090602,04-07-2019,02-09-2019,624,0,,,48.64,USD,NWI,269
25090602,04-07-2019,02-09-2019,672,0,,,18.9,USD,NWI,283
25090602,04-07-2019,02-09-2019,360,0,,,10.71,USD,NWI,280
25090603,04-07-2019,02-09-2019,336,0,,,21.11,USD,NWI,272
25090603,04-07-2019,02-09-2019,336,0,,,23.97,USD,NWI,273
25090603,04-07-2019,02-09-2019,700,0,,,15.4,USD,NWI,268
25090603,04-07-2019,02-09-2019,500,0,,,21.17,USD,NWI,278
25090604,04-07-2019,03-09-2019,864,0,,,12.57,USD,NWI,270
25090604,04-07-2019,03-09-2019,320,0,,,45.49,USD,NWI,338
25090604,04-07-2019,03-09-2019,360,0,,,77.18,USD,NWI,339
25090702,10-07-2019,02-09-2019,695,0,,,59.76,USD,Apeiron,21
25090703,10-07-2019,09-09-2019,280,0,,,61,USD,NWI,260
25090703,10-07-2019,09-09-2019,306,0,,,65.76,USD,NWI,262
25090703,10-07-2019,09-09-2019,288,0,,,27.91,USD,NWI,264
25090703,10-07-2019,09-09-2019,200,0,,,17.67,USD,NWI,259
25090703,10-07-2019,09-09-2019,200,0,,,17.7,USD,NWI,261
25090752,29-07-2019,15-09-2019,350,0,,,,USD,Qatar,76
25090752,29-07-2019,15-09-2019,348,0,,,,USD,Qatar,74
25090752,29-07-2019,15-09-2019,575,0,,,,USD,Qatar,75
25090752,29-07-2019,15-09-2019,441,0,,,,USD,Qatar,77
25090752,29-07-2019,15-09-2019,457,0,,,,USD,Qatar,135
25090752,29-07-2019,15-09-2019,1200,0,,,,USD,Qatar,119
25090800,12-07-2019,03-09-2019,704,0,,,41.08,USD,NWI,266
25090800,12-07-2019,03-09-2019,540,0,,,14.51,USD,NWI,265
25090800,12-07-2019,03-09-2019,200,0,,,37,USD,NWI,279
25090800,12-07-2019,03-09-2019,160,0,,,14.36,USD,NWI,284
25090801,12-07-2019,09-09-2019,1152,0,,,38.22,USD,NWI,267
25090852,17-07-2019,31-08-2019,100,0,,,172.8,USD,West Indies,387
25090900,17-07-2019,10-09-2019,417,0,,,29.38,USD,Karsten Intl ,145
25090901,17-07-2019,16-09-2019,420,0,,,24.72,USD,Tomas Rebicek,468
25090901,17-07-2019,16-09-2019,362,0,,,13.74,USD,Tomas Rebicek,479
25090901,17-07-2019,16-09-2019,223,0,,,13.74,USD,Tomas Rebicek,478
25090953,25-07-2019,01-10-2019,280,0,,,61,USD,NWI,260
25090953,25-07-2019,01-10-2019,198,0,,,65.76,USD,NWI,262
25090953,25-07-2019,01-10-2019,486,0,,,17.51,USD,NWI,263
25090953,25-07-2019,01-10-2019,200,0,,,17.67,USD,NWI,259
25090953,25-07-2019,01-10-2019,400,0,,,28.4,USD,NWI,254
25090954,02-08-2019,02-10-2019,1152,0,,,38.22,USD,NWI,267
25090955,02-08-2019,02-10-2019,720,0,,,48.64,USD,NWI,269
25090955,02-08-2019,02-10-2019,576,0,,,12.57,USD,NWI,270
25090958,12-08-2019,11-09-2019,800,0,,,38.22,USD,NWI,267
25090958,12-08-2019,11-09-2019,792,0,,,21.17,USD,NWI,278
25091002,23-07-2019,23-09-2019,560,0,,,15.53,USD,NWI,271
25091002,23-07-2019,23-09-2019,336,0,,,21.11,USD,NWI,272
25091002,23-07-2019,23-09-2019,336,0,,,23.97,USD,NWI,273
25091002,23-07-2019,23-09-2019,192,0,,,14.36,USD,NWI,281
25091002,23-07-2019,23-09-2019,504,0,,,18.9,USD,NWI,283
25091002,23-07-2019,23-09-2019,360,0,,,10.71,USD,NWI,280
25091003,23-07-2019,23-09-2019,600,0,,,48.64,USD,NWI,269
25091003,23-07-2019,23-09-2019,900,0,,,12.57,USD,NWI,270
25091054,12-08-2019,11-09-2019,7000,0,,,7.68,USD,NWI,16
25091055,12-08-2019,08-10-2019,672,0,,,41.08,USD,NWI,266
25091055,12-08-2019,08-10-2019,336,0,,,21.11,USD,NWI,272
25091055,12-08-2019,08-10-2019,1300,0,,,7.68,USD,NWI,16
25091100,24-07-2019,19-08-2019,1860,1,1860,,,USD,NWI,268
25091101,09-08-2019,07-10-2019,792,0,,,12.57,USD,NWI,270
25091101,09-08-2019,07-10-2019,384,0,,,45.49,USD,NWI,338
25091101,09-08-2019,07-10-2019,324,0,,,77.18,USD,NWI,339
25091102,09-08-2019,21-10-2019,150,0,,,44.91,USD,NWI,499
25091102,09-08-2019,21-10-2019,1470,0,,,11.27,USD,NWI,497
25091102,09-08-2019,21-10-2019,480,0,,,18.87,USD,NWI,500
25091103,09-08-2019,08-10-2019,348,0,,,26.1,USD,NWI,58
25091150,26-07-2019,16-09-2019,7000,0,,,7.68,USD,NWI,17
25091153,01-08-2019,14-09-2019,115,0,,,44.4,USD,"Tahi Pacific, Fiji",452
25091153,01-08-2019,14-09-2019,275,0,,,44.4,USD,"Tahi Pacific, Fiji",457
25091153,01-08-2019,14-09-2019,255,0,,,44.4,USD,"Tahi Pacific, Fiji",475
25091153,01-08-2019,14-09-2019,115,0,,,44.4,USD,"Tahi Pacific, Fiji",455
25091153,01-08-2019,14-09-2019,160,0,,,44.4,USD,"Tahi Pacific, Fiji",453
25091155,06-08-2019,07-10-2019,364,0,,,61,USD,NWI,260
25091155,06-08-2019,07-10-2019,1080,0,,,17.51,USD,NWI,263
25091155,06-08-2019,07-10-2019,250,0,,,17.67,USD,NWI,259
25091155,06-08-2019,07-10-2019,288,0,,,19.66,USD,NWI,277
25091156,08-08-2019,02-10-2019,650,0,,,24.4,USD,Uragme Srl,142
25091201,31-07-2019,01-10-2019,105,0,,,52.8,USD,Kerala Nature,353
25091201,31-07-2019,01-10-2019,350,0,,,67.68,USD,Kerala Nature,349
25091254,22-08-2019,14-10-2019,420,0,,,24.72,USD,Tomas Rebicek,468
25091254,22-08-2019,14-10-2019,583,0,,,13.74,USD,Tomas Rebicek,479
25091255,22-08-2019,07-10-2019,500,0,,,24.95,USD,Karsten Intl ,300
25091256,22-08-2019,07-10-2019,1100,0,,,9.36,USD,United Exchange Corporation,294
25091256,22-08-2019,07-10-2019,800,0,,,8.64,USD,United Exchange Corporation,299
25091257,22-08-2019,13-01-2020,1154,0,,,43.05,USD,Thornton,159
25091302,20-08-2019,14-10-2019,100,0,,,,USD,"ООО “Parfum Design”, RUSSIA",76
25091302,20-08-2019,14-10-2019,100,0,,,,USD,"ООО “Parfum Design”, RUSSIA",74
25091302,20-08-2019,14-10-2019,100,0,,,,USD,"ООО “Parfum Design”, RUSSIA",75
25091302,20-08-2019,14-10-2019,100,0,,,,USD,"ООО “Parfum Design”, RUSSIA",77
25091302,20-08-2019,14-10-2019,100,0,,,,USD,"ООО “Parfum Design”, RUSSIA",135
25091350,19-08-2019,14-10-2019,576,0,,,43.05,USD,Thornton,158
25091351,19-08-2019,01-11-2019,616,0,,,105,USD,Auromere Inc,24
25091352,19-08-2019,02-12-2019,72,0,,,185,USD,Auromere Inc,39
25091352,19-08-2019,02-12-2019,180,0,,,180,USD,Auromere Inc,52
25091352,19-08-2019,02-12-2019,432,0,,,179,USD,Auromere Inc,48
25091352,19-08-2019,02-12-2019,108,0,,,190,USD,Auromere Inc,46
25091353,19-08-2019,01-02-2020,144,0,,,185,USD,Auromere Inc,39
25091353,19-08-2019,01-02-2020,216,0,,,180,USD,Auromere Inc,52
25091353,19-08-2019,01-02-2020,432,0,,,179,USD,Auromere Inc,48
25091354,19-08-2019,02-03-2020,280,0,,,105,USD,Auromere Inc,24
25091356,23-08-2019,21-10-2019,78,0,,,,USD,Olman LLC,447
25091356,23-08-2019,21-10-2019,209,0,,,,USD,Olman LLC,466
25091356,23-08-2019,21-10-2019,209,0,,,,USD,Olman LLC,462
25091356,23-08-2019,21-10-2019,209,0,,,,USD,Olman LLC,465
25091356,23-08-2019,21-10-2019,700,0,,,,USD,Olman LLC,107
25091357,27-08-2019,14-10-2019,720,0,,,,USD,YVA International,448
25091357,27-08-2019,14-10-2019,23,0,,,,USD,YVA International,463
25091357,27-08-2019,14-10-2019,100,0,,,,USD,YVA International,105
25091358,26-08-2019,15-10-2019,720,0,,,48.64,USD,NWI,269
25091358,26-08-2019,15-10-2019,588,0,,,18.9,USD,NWI,283
25091359,26-08-2019,15-10-2019,280,0,,,61,USD,NWI,260
25091359,26-08-2019,15-10-2019,192,0,,,65.76,USD,NWI,262
25091359,26-08-2019,15-10-2019,288,0,,,27.91,USD,NWI,264
25091359,26-08-2019,15-10-2019,200,0,,,17.67,USD,NWI,259
25091359,26-08-2019,15-10-2019,400,0,,,28.4,USD,NWI,254
25091360,26-08-2019,21-10-2019,1200,0,,,15.4,USD,NWI,268
25091360,26-08-2019,21-10-2019,180,0,,,64.8,USD,NWI,257
25091360,26-08-2019,21-10-2019,320,0,,,45.49,USD,NWI,338
4501567934,24-08-2017,14-11-2017,0,1,0,,0,USD,Dabur International Ltd,236
4501592652,16-11-2017,21-05-2018,356,1,356,,0,USD,Dabur International Ltd,213
4501619404,01-03-2018,26-05-2018,61,1,61,,,USD,Namaste,133
4501636449,13-03-2018,28-05-2018,938,1,938,,,USD,Dabur International Ltd,206
4501640482,26-03-2018,26-05-2018,800,1,800,,,USD,Namaste,71
4501640482,26-03-2018,26-05-2018,800,1,800,,,USD,Namaste,102
4501647381,13-04-2018,10-06-2018,500,1,500,,,USD,UK,363
4501649273,18-04-2018,10-06-2018,357,1,357,,,USD,UK,104
4501649273,18-04-2018,10-06-2018,150,1,150,,,USD,UK,124
4501658270,15-05-2018,30-06-2018,112,1,112,,,USD,UK,474
4501659316L1,17-05-2018,07-07-2018,1000,1,1000,,,USD,Naturalle LLC,206
4501659316L2,17-05-2018,28-07-2018,1000,1,1000,,18.72,USD,Naturalle LLC,206
4501661060,22-05-2018,20-07-2018,100,1,100,,,USD,NATURELLE ,383
4501661060,22-05-2018,20-07-2018,100,1,100,,,USD,NATURELLE ,380
4501662780,26-05-2018,20-07-2018,300,1,300,,,USD,"NATURALLE LLC, UAE",208
4501662780,26-05-2018,20-07-2018,500,1,500,,,USD,"NATURALLE LLC, UAE",207
4501662780,26-05-2018,20-07-2018,380,1,380,,,USD,"NATURALLE LLC, UAE",210
4501662780,26-05-2018,20-07-2018,332,1,332,,,USD,"NATURALLE LLC, UAE",209
4501664623,01-06-2018,20-08-2018,150,1,150,,180,USD,"NATURALLE LLC, UAE",208
4501664623,01-06-2018,20-08-2018,200,1,200,,180,USD,"NATURALLE LLC, UAE",207
4501664623,01-06-2018,20-08-2018,150,1,150,,180,USD,"NATURALLE LLC, UAE",210
4501664623,01-06-2018,20-08-2018,200,1,200,,180,USD,"NATURALLE LLC, UAE",209
4501668638,07-06-2018,21-07-2018,351,1,351,,,USD,UK,363
4501669771,21-06-2018,21-07-2018,1400,1,1400,,,USD,Nigeria,379
4501684706L1,25-07-2018,07-09-2018,1000,1,1000,,0,USD,Naturalle,206
4501684706L2,25-07-2018,14-09-2018,1000,1,1000,,0,USD,Naturalle,206
4501684706L3,25-07-2018,14-10-2018,1000,1,1000,,0,USD,Naturalle,206
4501684706L4,25-07-2018,14-11-2018,1300,1,1300,,0,USD,Naturalle,206
4501684706L5,25-07-2018,19-12-2018,1250,1,1250,,0,USD,Naturalle,206
4501691312,13-08-2018,30-09-2018,152,1,152,,,USD,UK,104
4501691475,14-08-2018,19-01-2019,915,1,915,,0,USD,Naturalle,206
4501696454,24-07-2018,07-11-2018,300,1,300,,0,USD,Namaste,94
4501696454,24-07-2018,07-11-2018,400,1,400,,,USD,Namaste,95
4501704044,24-09-2018,07-12-2018,400,1,400,,,USD,Nigeria,378
4501704044,24-09-2018,07-12-2018,2400,1,2400,,,USD,Nigeria,379
4501711132,08-10-2018,08-12-2018,600,1,600,,,USD,Namaste,95
4501711132,08-10-2018,08-12-2018,250,1,250,,,USD,Namaste,79
4501711244,05-10-2018,07-02-2019,108,1,108,,,USD,Naturelle,364
4501711244,05-10-2018,07-02-2019,100,1,100,,,USD,Naturelle,384
4501711244,05-10-2018,07-02-2019,100,1,100,,,USD,Naturelle,383
4501711244,05-10-2018,07-02-2019,108,1,108,,,USD,Naturelle,381
4501711244,05-10-2018,07-02-2019,108,1,108,,,USD,Naturelle,380
4501711244,05-10-2018,07-02-2019,100,1,100,,,USD,Naturelle,82
4501711244,05-10-2018,07-02-2019,100,1,100,,,USD,Naturelle,83
4501713665,10-10-2018,07-12-2018,234,1,234,,0,USD,UK,104
4501713670,10-10-2018,21-04-2019,100,1,100,,,USD,Naturalle,236
4501717192,08-01-2019,25-05-2019,466,1,466,,,USD,Namaste,81
4501717192,08-01-2019,26-02-2019,562,1,562,,,USD,Namaste,133
4501719335,02-11-2018,22-01-2019,200,1,200,,,USD,Nigeria,378
4501719335,02-11-2018,22-01-2019,1200,1,1200,,,USD,Nigeria,379
4501720913,30-10-2018,21-04-2019,100,1,100,,0,USD,Dabur International Ltd,235
4501729973L10,03-12-2018,21-05-2019,3560,1,3560,,,USD,Olman LLC,448
4501729973L11,03-12-2018,14-06-2019,3560,1,3560,,,USD,Olman LLC,448
4501729973L12,03-12-2018,21-06-2019,1780,1,1780,,,USD,Olman LLC,448
4501729973L13,03-12-2018,07-07-2019,3560,1,3560,,,USD,Olman LLC,448
4501729973L14,03-12-2018,14-07-2019,3560,1,3560,,,USD,Olman LLC,448
4501729973L15,03-12-2018,21-07-2019,3560,1,3560,,,USD,Olman LLC,448
4501729973L16,03-12-2018,07-08-2019,3560,1,3560,,,USD,Olman LLC,448
4501729973L17,03-12-2018,14-08-2019,3560,1,3560,,,USD,Olman LLC,448
4501729973L18,03-12-2018,21-08-2019,3560,1,3560,,,USD,Olman LLC,448
4501729973L19,03-12-2018,07-09-2019,3560,0,,,,USD,Olman LLC,448
4501729973L1,03-12-2018,29-01-2019,3560,1,3560,,,USD,Olman LLC,448
4501729973L20,03-12-2018,14-09-2019,3560,0,,,,USD,Olman LLC,448
4501729973L21,03-12-2018,07-10-2019,3560,0,,,,USD,Olman LLC,448
4501729973L22,03-12-2018,07-10-2019,4962,0,,,,USD,Olman LLC,448
4501729973L23,03-12-2018,14-10-2019,1780,0,,,,USD,Olman LLC,448
4501729973L2,03-12-2018,21-03-2019,3560,1,3560,,,USD,Olman LLC,448
4501729973L3,03-12-2018,21-03-2019,1363,1,1363,,,USD,Olman LLC,448
4501729973L4,03-12-2018,14-04-2019,1780,1,1780,,,USD,Olman LLC,448
4501729973L5,03-12-2018,14-04-2019,3560,1,3560,,,USD,Olman LLC,448
4501729973L6,03-12-2018,21-04-2019,3560,1,3560,,,USD,Olman LLC,448
4501729973L7,03-12-2018,07-05-2019,3560,1,3560,,,USD,Olman LLC,448
4501729973L8,03-12-2018,14-05-2019,5340,1,5340,,,USD,Olman LLC,448
4501729973L9,03-12-2018,07-06-2019,796,1,796,,,USD,Olman LLC,448
4501733527,13-12-2018,13-02-2019,0,1,0,,,USD,Kenya,397
4501733527,13-12-2018,13-02-2019,490,1,490,,,USD,Kenya,378
4501733527,13-12-2018,13-02-2019,800,1,800,,,USD,Kenya,379
4501733527L1,13-12-2018,13-02-2019,75,1,75,,,USD,Kenya,10
4501733527L1,13-12-2018,13-02-2019,75,1,75,,,USD,Kenya,11
4501733527L2,13-12-2018,13-02-2019,75,1,75,,,USD,Kenya,10
4501733527L2,13-12-2018,13-02-2019,75,1,75,,,USD,Kenya,11
4501735200,17-12-2018,14-02-2019,200,1,200,,,USD,Namaste,94
4501735200,17-12-2018,14-02-2019,688,1,688,,,USD,Namaste,95
4501735200,17-12-2018,14-02-2019,162,1,162,,,USD,Namaste,81
4501735200,17-12-2018,14-02-2019,300,1,300,,,USD,Namaste,133
4501736365,12-12-2018,13-02-2019,150,1,150,,,USD,Naturalle,364
4501736365,12-12-2018,13-02-2019,150,1,150,,,USD,Naturalle,383
4501737435,17-12-2018,14-02-2019,200,1,200,,,USD,UK,104
4501737435,17-12-2018,14-02-2019,93,1,93,,,USD,UK,124
4501740221,22-12-2018,15-02-2019,2800,1,2800,,,USD,Nigeria,379
4501747077,10-01-2019,28-02-2019,147,1,147,,,USD,UK,104
4501748857,23-01-2019,15-03-2019,206,1,206,,,USD,Nigeria,378
4501748857,23-01-2019,21-03-2019,2498,1,2498,,,USD,Nigeria,379
4501763335,22-02-2019,14-04-2019,47,1,47,,,USD,UK,363
4501763335,22-02-2019,14-04-2019,108,1,108,,,USD,UK,474
4501763335,22-02-2019,14-04-2019,200,1,200,,,USD,UK,124
4501763908,04-03-2019,20-04-2019,500,1,500,,,USD,Namaste,78
4501770199,12-03-2019,30-04-2019,49,1,49,,,USD,UK,104
4501770199,12-03-2019,30-04-2019,128,1,128,,,USD,UK,124
4501773280,19-03-2019,14-06-2019,304,1,304,,,USD,Namaste,95
4501780017,26-04-2019,14-06-2019,200,1,200,,,USD,Nigeria,378
4501780017L1,26-04-2019,14-06-2019,1250,1,1250,,,USD,Nigeria,379
4501780017L2,26-04-2019,14-07-2019,1450,1,1450,,,USD,Nigeria,379
4501780248,08-04-2019,28-05-2019,200,1,200,,,USD,UK,363
4501780248,08-04-2019,28-05-2019,100,1,100,,,USD,UK,474
4501780248,08-04-2019,28-05-2019,450,1,450,,,USD,UK,104
4501780248,08-04-2019,28-05-2019,201,1,201,,,USD,UK,124
4501781791,15-04-2019,20-06-2019,46,1,46,,,USD,Dabur International Ltd,378
4501781791,15-04-2019,20-06-2019,0,1,0,,,USD,Dabur International Ltd,379
4501782664,17-04-2019,03-06-2019,779,1,779,,,USD,Naturalle,206
4501782664L1,17-04-2019,17-07-2019,1157,1,1157,,,USD,Naturalle,206
4501783318,17-05-2019,14-08-2019,100,0,,,,USD,Nigeria,378
4501783318,17-05-2019,14-08-2019,1200,0,,,,USD,Nigeria,379
4501801587,03-06-2019,14-07-2019,106,1,106,,,USD,Namaste,94
4501801587,03-06-2019,14-07-2019,1000,1,1000,,,USD,Namaste,95
4501801587,03-06-2019,14-07-2019,613,1,613,,,USD,Namaste,133
4501816674,12-07-2019,02-09-2019,250,0,,,,USD,UK,363
4501816674,12-07-2019,02-09-2019,75,0,,,,USD,UK,474
4501816674,12-07-2019,02-09-2019,250,0,,,,USD,UK,104
4501817662,12-07-2019,02-09-2019,225,0,,,,USD,UK,363
4501817662,12-07-2019,02-09-2019,200,0,,,,USD,UK,104
4501817662,12-07-2019,02-09-2019,100,0,,,,USD,UK,124
4501821864,29-07-2019,14-09-2019,1600,0,,,,USD,Nigeria,378
4501823841,25-07-2019,07-09-2019,1350,0,,,,USD,Naturalle,206
4501825477,01-08-2019,14-09-2019,400,0,,,,USD,Namaste,94
4501825477,01-08-2019,14-09-2019,166,0,,,,USD,Namaste,79
4501825477,01-08-2019,14-09-2019,222,0,,,,USD,Namaste,81
Apr-plan,15-03-2019,20-04-2019,0,1,0,,,USD,Myanmar,9
Apr-plan,15-03-2019,20-04-2019,0,1,0,,,USD,Myanmar,7
Apr-plan,15-03-2019,20-04-2019,0,1,0,,,USD,Myanmar,8
Apr-plan,15-03-2019,20-04-2019,0,1,0,,,USD,Myanmar,6
Apr-plan,15-03-2019,20-04-2019,0,1,0,,,USD,Myanmar,407
Apr-plan,15-03-2019,20-04-2019,0,1,0,,,USD,Myanmar,408
Apr-plan,15-03-2019,20-04-2019,0,1,0,,,USD,Myanmar,409
Apr-plan,15-03-2019,20-04-2019,0,1,0,,,USD,Myanmar,410
Apr-plan,15-03-2019,20-04-2019,121,1,121,,,USD,Myanmar,359
Apr-plan,15-03-2019,20-04-2019,1209,1,1209,,,USD,Myanmar,352
Apr-plan,15-03-2019,20-04-2019,0,1,0,,,USD,Myanmar,354
Apr-plan,15-03-2019,20-04-2019,0,1,0,,,USD,Myanmar,134
Apr-plan,15-03-2019,20-04-2019,0,1,0,,,USD,Myanmar,105
Apr-plan,15-03-2019,20-04-2019,0,1,0,,,USD,Myanmar,116
Apr-plan,15-03-2019,20-04-2019,378,1,378,,,USD,Myanmar,117
Apr-plan,15-03-2019,20-04-2019,0,1,0,,,USD,Myanmar,232
Apr-plan,15-03-2019,20-04-2019,320,1,320,,,USD,Myanmar,229
Apr-plan,15-03-2019,20-04-2019,0,1,0,,,USD,Myanmar,225
Apr-plan,15-03-2019,20-04-2019,0,1,0,,,USD,Myanmar,222
Aug-plan,15-06-2018,25-08-2018,0,1,0,,,USD,Myanmar,9
Aug-plan,15-06-2018,25-08-2018,0,1,0,,,USD,Myanmar,7
Aug-plan,15-06-2018,25-08-2018,0,1,0,,,USD,Myanmar,8
Aug-plan,15-06-2018,25-08-2018,0,1,0,,,USD,Myanmar,6
Aug-plan,15-06-2018,25-08-2018,0,1,0,,,USD,Myanmar,359
Aug-plan,15-06-2018,25-08-2018,1312,1,1312,,,USD,Myanmar,352
Aug-plan,15-06-2018,25-08-2018,1646,1,1646,,,USD,Myanmar,354
Aug-plan,15-06-2018,25-08-2018,517,1,517,,,USD,Myanmar,105
Aug-plan,15-06-2018,25-08-2018,466,1,466,,,USD,Myanmar,116
Aug-plan,15-06-2018,25-08-2018,1191,1,1191,,,USD,Myanmar,117
Aug-plan,15-06-2018,25-08-2018,0,1,0,,,USD,Myanmar,232
Aug-plan,15-06-2018,25-08-2018,0,1,0,,,USD,Myanmar,229
Aug-plan,15-06-2018,25-08-2018,0,1,0,,,USD,Myanmar,225
Aug-plan,15-06-2018,25-08-2018,0,1,0,,,USD,Myanmar,222
Aug19-plan,15-04-2019,20-08-2019,78,1,78,,,USD,Myanmar,9
Aug19-plan,15-04-2019,20-08-2019,0,1,0,,,USD,Myanmar,7
Aug19-plan,15-04-2019,20-08-2019,2063,1,2063,,,USD,Myanmar,8
Aug19-plan,15-04-2019,20-08-2019,4058,1,4058,,,USD,Myanmar,6
Aug19-plan,15-04-2019,20-08-2019,35,1,35,,,USD,Myanmar,407
Aug19-plan,15-04-2019,20-08-2019,23,1,23,,,USD,Myanmar,408
Aug19-plan,15-04-2019,20-08-2019,47,1,47,,,USD,Myanmar,409
Aug19-plan,15-04-2019,20-08-2019,34,1,34,,,USD,Myanmar,410
Aug19-plan,15-04-2019,20-08-2019,1190,1,1190,,,USD,Myanmar,359
Aug19-plan,15-04-2019,20-08-2019,2571,1,2571,,,USD,Myanmar,352
Aug19-plan,15-04-2019,20-08-2019,1565,1,1565,,,USD,Myanmar,354
Aug19-plan,15-04-2019,20-08-2019,0,1,0,,,USD,Myanmar,134
Aug19-plan,15-04-2019,20-08-2019,163,1,163,,,USD,Myanmar,105
Aug19-plan,15-04-2019,20-08-2019,385,1,385,,,USD,Myanmar,116
Aug19-plan,15-04-2019,20-08-2019,724,1,724,,,USD,Myanmar,117
Aug19-plan,15-04-2019,20-08-2019,0,1,0,,,USD,Myanmar,232
Aug19-plan,15-04-2019,20-08-2019,0,1,0,,,USD,Myanmar,229
Aug19-plan,15-04-2019,20-08-2019,0,1,0,,,USD,Myanmar,225
Aug19-plan,15-04-2019,20-08-2019,0,1,0,,,USD,Myanmar,222
Dec-plan,08-10-2018,15-12-2018,120,1,120,,0,USD,Myanmar,7
Dec-plan,08-10-2018,15-12-2018,146,1,146,,0,USD,Myanmar,8
Dec-plan,08-10-2018,15-12-2018,506,1,506,,0,USD,Myanmar,6
Dec-plan,08-10-2018,15-12-2018,1300,1,1300,,0,USD,Myanmar,359
Dec-plan,08-10-2018,15-12-2018,3612,1,3612,,0,USD,Myanmar,352
Dec-plan,08-10-2018,15-12-2018,3217,1,3217,,0,USD,Myanmar,354
Dec-plan,08-10-2018,15-12-2018,748,1,748,,0,USD,Myanmar,134
Dec-plan,08-10-2018,15-12-2018,328,1,328,,0,USD,Myanmar,105
Dec-plan,08-10-2018,15-12-2018,975,1,975,,0,USD,Myanmar,116
Dec-plan,08-10-2018,15-12-2018,2164,1,2164,,0,USD,Myanmar,117
Dec-plan,08-10-2018,15-12-2018,261,1,261,,0,USD,Myanmar,232
Dec-plan,08-10-2018,31-01-2019,240,1,240,,0,USD,Myanmar,229
Dec-plan,08-10-2018,15-12-2018,181,1,181,,0,USD,Myanmar,225
Dec-plan,08-10-2018,15-12-2018,155,1,155,,0,USD,Myanmar,222
Feb-plan,07-12-2018,22-02-2019,0,1,0,,,USD,Myanmar,9
Feb-plan,07-12-2018,22-02-2019,0,1,0,,,USD,Myanmar,7
Feb-plan,07-12-2018,22-02-2019,777,1,777,,,USD,Myanmar,8
Feb-plan,07-12-2018,22-02-2019,0,1,0,,,USD,Myanmar,6
Feb-plan,07-12-2018,22-02-2019,13,1,13,,,USD,Myanmar,407
Feb-plan,07-12-2018,22-02-2019,0,1,0,,,USD,Myanmar,408
Feb-plan,07-12-2018,22-02-2019,0,1,0,,,USD,Myanmar,409
Feb-plan,07-12-2018,22-02-2019,0,1,0,,,USD,Myanmar,410
Feb-plan,07-12-2018,22-02-2019,782,1,782,,,USD,Myanmar,359
Feb-plan,07-12-2018,22-02-2019,2000,1,2000,,,USD,Myanmar,352
Feb-plan,07-12-2018,22-02-2019,2000,1,2000,,,USD,Myanmar,354
Feb-plan,07-12-2018,22-02-2019,0,1,0,,,USD,Myanmar,134
Feb-plan,07-12-2018,22-02-2019,450,1,450,,,USD,Myanmar,105
Feb-plan,07-12-2018,22-02-2019,500,1,500,,,USD,Myanmar,116
Feb-plan,07-12-2018,22-02-2019,2000,1,2000,,,USD,Myanmar,117
Feb-plan,07-12-2018,22-02-2019,213,1,213,,,USD,Myanmar,232
Feb-plan,07-12-2018,22-02-2019,392,1,392,,,USD,Myanmar,229
Feb-plan,07-12-2018,22-02-2019,126,1,126,,,USD,Myanmar,225
Feb-plan,07-12-2018,22-02-2019,0,1,0,,,USD,Myanmar,222
Jan-plan,28-11-2018,18-01-2019,211,1,211,,,USD,Myanmar,9
Jan-plan,28-11-2018,18-01-2019,0,1,0,,,USD,Myanmar,7
Jan-plan,28-11-2018,18-01-2019,293,1,293,,,USD,Myanmar,8
Jan-plan,28-11-2018,31-01-2019,653,1,653,,,USD,Myanmar,6
Jan-plan,28-11-2018,18-01-2019,10,1,10,,,USD,Myanmar,407
Jan-plan,28-11-2018,18-01-2019,10,1,10,,,USD,Myanmar,408
Jan-plan,28-11-2018,18-01-2019,10,1,10,,,USD,Myanmar,409
Jan-plan,28-11-2018,18-01-2019,5,1,5,,,USD,Myanmar,410
Jan-plan,28-11-2018,18-01-2019,500,1,500,,,USD,Myanmar,359
Jan-plan,28-11-2018,18-01-2019,1955,1,1955,,,USD,Myanmar,352
Jan-plan,28-11-2018,18-01-2019,635,1,635,,,USD,Myanmar,354
Jan-plan,28-11-2018,18-01-2019,256,1,256,,,USD,Myanmar,105
Jan-plan,28-11-2018,18-01-2019,301,1,301,,,USD,Myanmar,116
Jan-plan,28-11-2018,18-01-2019,500,1,500,,,USD,Myanmar,117
Jan-plan,28-11-2018,31-01-2019,70,1,70,,,USD,Myanmar,232
Jan-plan,28-11-2018,18-01-2019,155,1,155,,,USD,Myanmar,229
Jan-plan,28-11-2018,18-01-2019,0,1,0,,,USD,Myanmar,225
Jan-plan,28-11-2018,18-01-2019,0,1,0,,,USD,Myanmar,222
Jul-plan,15-06-2018,25-07-2018,0,1,0,,,USD,Myanmar,9
Jul-plan,15-06-2018,25-07-2018,0,1,0,,,USD,Myanmar,7
Jul-plan,15-06-2018,25-07-2018,0,1,0,,,USD,Myanmar,8
Jul-plan,15-06-2018,25-07-2018,0,1,0,,,USD,Myanmar,6
Jul-plan,15-06-2018,25-07-2018,289,1,289,,,USD,Myanmar,359
Jul-plan,15-06-2018,25-07-2018,308,1,308,,,USD,Myanmar,352
Jul-plan,15-06-2018,25-07-2018,482,1,482,,,USD,Myanmar,354
Jul-plan,15-06-2018,25-07-2018,84,1,84,,,USD,Myanmar,105
Jul-plan,15-06-2018,25-07-2018,55,1,55,,,USD,Myanmar,116
Jul-plan,15-06-2018,25-07-2018,344,1,344,,,USD,Myanmar,117
Jul-plan,15-06-2018,25-07-2018,0,1,0,,,USD,Myanmar,232
Jul-plan,15-06-2018,25-07-2018,0,1,0,,,USD,Myanmar,229
Jul-plan,15-06-2018,25-07-2018,0,1,0,,,USD,Myanmar,225
Jul-plan,15-06-2018,25-07-2018,33,1,33,,,USD,Myanmar,222
Jul19-plan,15-03-2019,20-07-2019,0,1,0,,,USD,Myanmar,9
Jul19-plan,15-03-2019,20-07-2019,69,1,69,,,USD,Myanmar,7
Jul19-plan,15-03-2019,20-07-2019,417,1,416,,,USD,Myanmar,8
Jul19-plan,15-03-2019,20-07-2019,1630,1,1630,,,USD,Myanmar,6
Jul19-plan,15-03-2019,20-07-2019,0,1,0,,,USD,Myanmar,407
Jul19-plan,15-03-2019,20-07-2019,30,1,30,,,USD,Myanmar,408
Jul19-plan,15-03-2019,20-07-2019,32,1,32,,,USD,Myanmar,409
Jul19-plan,15-03-2019,20-07-2019,0,1,0,,,USD,Myanmar,410
Jul19-plan,15-03-2019,20-07-2019,370,1,370,,,USD,Myanmar,359
Jul19-plan,15-03-2019,20-07-2019,750,1,750,,,USD,Myanmar,352
Jul19-plan,15-03-2019,20-07-2019,1000,1,1000,,,USD,Myanmar,354
Jul19-plan,15-03-2019,20-07-2019,0,1,0,,,USD,Myanmar,134
Jul19-plan,15-03-2019,20-07-2019,0,1,0,,,USD,Myanmar,105
Jul19-plan,15-03-2019,20-07-2019,0,1,0,,,USD,Myanmar,116
Jul19-plan,15-03-2019,20-07-2019,300,1,300,,,USD,Myanmar,117
Jul19-plan,15-03-2019,20-07-2019,155,1,155,,,USD,Myanmar,232
Jul19-plan,15-03-2019,20-07-2019,155,1,155,,,USD,Myanmar,229
Jul19-plan,15-03-2019,20-07-2019,155,1,155,,,USD,Myanmar,225
Jul19-plan,15-03-2019,20-07-2019,0,1,0,,,USD,Myanmar,222
Jun-plan,15-04-2018,25-06-2018,59,1,59,,0,USD,Myanmar,9
Jun-plan,15-04-2018,25-06-2018,296,1,296,,0,USD,Myanmar,7
Jun-plan,15-04-2018,25-06-2018,551,1,551,,0,USD,Myanmar,8
Jun-plan,15-04-2018,25-06-2018,1342,1,1342,,0,USD,Myanmar,6
Jun-plan,15-04-2018,25-06-2018,631,1,631,,0,USD,Myanmar,359
Jun-plan,15-04-2018,25-06-2018,528,1,528,,0,USD,Myanmar,352
Jun-plan,15-04-2018,25-06-2018,1636,1,1636,,0,USD,Myanmar,354
Jun-plan,15-04-2018,25-06-2018,950,1,950,,0,USD,Myanmar,105
Jun-plan,15-04-2018,25-06-2018,471,1,471,,0,USD,Myanmar,116
Jun-plan,15-04-2018,25-06-2018,1970,1,1970,,0,USD,Myanmar,117
Jun-plan,15-04-2018,25-06-2018,0,1,0,,0,USD,Myanmar,232
Jun-plan,15-04-2018,25-06-2018,2,1,2,,0,USD,Myanmar,229
Jun-plan,15-04-2018,25-06-2018,0,1,0,,0,USD,Myanmar,225
Jun-plan,15-04-2018,25-06-2018,155,1,155,,0,USD,Myanmar,222
Jun19-plan,15-03-2019,20-06-2019,0,1,0,,,USD,Myanmar,9
Jun19-plan,15-03-2019,20-06-2019,0,1,0,,,USD,Myanmar,7
Jun19-plan,15-03-2019,20-06-2019,0,1,0,,,USD,Myanmar,8
Jun19-plan,15-03-2019,20-06-2019,238,1,238,,,USD,Myanmar,6
Jun19-plan,15-03-2019,20-06-2019,0,1,0,,,USD,Myanmar,407
Jun19-plan,15-03-2019,20-06-2019,38,1,38,,,USD,Myanmar,408
Jun19-plan,15-03-2019,20-06-2019,0,1,0,,,USD,Myanmar,409
Jun19-plan,15-03-2019,20-06-2019,88,1,88,,,USD,Myanmar,410
Jun19-plan,15-03-2019,20-06-2019,1020,1,1020,,,USD,Myanmar,359
Jun19-plan,15-03-2019,20-06-2019,1820,1,1820,,,USD,Myanmar,352
Jun19-plan,15-03-2019,20-06-2019,2500,1,2500,,,USD,Myanmar,354
Jun19-plan,15-03-2019,20-06-2019,0,1,0,,,USD,Myanmar,134
Jun19-plan,15-03-2019,20-06-2019,971,1,971,,,USD,Myanmar,105
Jun19-plan,15-03-2019,20-06-2019,495,1,494,,,USD,Myanmar,116
Jun19-plan,15-03-2019,20-06-2019,2203,1,2203,,,USD,Myanmar,117
Jun19-plan,15-03-2019,20-06-2019,0,1,0,,,USD,Myanmar,232
Jun19-plan,15-03-2019,20-06-2019,575,1,575,,,USD,Myanmar,229
Jun19-plan,15-03-2019,20-06-2019,0,1,0,,,USD,Myanmar,225
Jun19-plan,15-03-2019,20-06-2019,0,1,0,,,USD,Myanmar,222
Mar-plan,07-01-2019,24-03-2019,0,1,0,,,USD,Myanmar,9
Mar-plan,07-01-2019,24-03-2019,0,1,0,,,USD,Myanmar,7
Mar-plan,07-01-2019,24-03-2019,191,1,191,,,USD,Myanmar,8
Mar-plan,07-01-2019,24-03-2019,421,1,421,,,USD,Myanmar,6
Mar-plan,07-01-2019,24-03-2019,0,1,0,,,USD,Myanmar,407
Mar-plan,07-01-2019,24-03-2019,0,1,0,,,USD,Myanmar,408
Mar-plan,07-01-2019,24-03-2019,0,1,0,,,USD,Myanmar,409
Mar-plan,07-01-2019,24-03-2019,0,1,0,,,USD,Myanmar,410
Mar-plan,07-01-2019,24-03-2019,615,1,615,,,USD,Myanmar,359
Mar-plan,07-01-2019,24-03-2019,1500,1,1500,,,USD,Myanmar,352
Mar-plan,07-01-2019,24-03-2019,2583,1,2583,,,USD,Myanmar,354
Mar-plan,07-01-2019,24-03-2019,0,1,0,,,USD,Myanmar,134
Mar-plan,07-01-2019,24-03-2019,1000,1,1000,,,USD,Myanmar,105
Mar-plan,07-01-2019,24-03-2019,120,1,120,,,USD,Myanmar,116
Mar-plan,07-01-2019,24-03-2019,2126,1,2126,,,USD,Myanmar,117
Mar-plan,07-01-2019,24-03-2019,0,1,0,,,USD,Myanmar,232
Mar-plan,07-01-2019,24-03-2019,0,1,0,,,USD,Myanmar,229
Mar-plan,07-01-2019,24-03-2019,0,1,0,,,USD,Myanmar,225
Mar-plan,07-01-2019,24-03-2019,0,1,0,,,USD,Myanmar,222
May-plan,15-03-2018,25-05-2018,0,1,0,,,USD,Myanmar,9
May-plan,15-03-2018,25-05-2018,0,1,0,,,USD,Myanmar,7
May-plan,15-03-2018,25-05-2018,0,1,0,,,USD,Myanmar,8
May-plan,15-03-2018,25-05-2018,0,1,0,,,USD,Myanmar,6
May-plan,15-03-2018,25-05-2018,47,1,47,,,USD,Myanmar,407
May-plan,15-03-2018,25-05-2018,56,1,56,,,USD,Myanmar,408
May-plan,15-03-2018,25-05-2018,42,1,42,,,USD,Myanmar,409
May-plan,15-03-2018,25-05-2018,0,1,0,,,USD,Myanmar,410
May-plan,15-03-2018,25-05-2018,600,1,600,,,USD,Myanmar,359
May-plan,15-03-2018,25-05-2018,1552,1,1552,,,USD,Myanmar,352
May-plan,15-03-2018,25-05-2018,394,1,394,,,USD,Myanmar,354
May-plan,15-03-2018,25-05-2018,312,1,312,,,USD,Myanmar,105
May-plan,15-03-2018,25-05-2018,218,1,218,,,USD,Myanmar,116
May-plan,15-03-2018,25-05-2018,888,1,888,,,USD,Myanmar,117
May-plan,15-03-2018,25-05-2018,215,1,215,,,USD,Myanmar,232
May-plan,15-03-2018,25-05-2018,1298,1,1298,,,USD,Myanmar,229
May-plan,15-03-2018,25-05-2018,167,1,167,,,USD,Myanmar,225
May-plan,15-03-2018,25-05-2018,351,1,351,,,USD,Myanmar,222
May19-plan,15-03-2019,20-05-2019,0,1,0,,,USD,Myanmar,9
May19-plan,15-03-2019,20-05-2019,0,1,0,,,USD,Myanmar,7
May19-plan,15-03-2019,20-05-2019,0,1,0,,,USD,Myanmar,8
May19-plan,15-03-2019,20-05-2019,0,1,0,,,USD,Myanmar,6
May19-plan,15-03-2019,20-05-2019,0,1,0,,,USD,Myanmar,407
May19-plan,15-03-2019,20-05-2019,0,1,0,,,USD,Myanmar,408
May19-plan,15-03-2019,20-05-2019,3,1,3,,,USD,Myanmar,409
May19-plan,15-03-2019,20-05-2019,0,1,0,,,USD,Myanmar,410
May19-plan,15-03-2019,20-05-2019,249,1,249,,,USD,Myanmar,359
May19-plan,15-03-2019,20-05-2019,1570,1,1570,,,USD,Myanmar,352
May19-plan,15-03-2019,20-05-2019,1867,1,1867,,,USD,Myanmar,354
May19-plan,15-03-2019,20-05-2019,100,1,100,,,USD,Myanmar,134
May19-plan,15-03-2019,20-05-2019,393,1,393,,,USD,Myanmar,105
May19-plan,15-03-2019,20-05-2019,0,1,0,,,USD,Myanmar,116
May19-plan,15-03-2019,20-05-2019,223,1,223,,,USD,Myanmar,117
May19-plan,15-03-2019,20-05-2019,0,1,0,,,USD,Myanmar,232
May19-plan,15-03-2019,20-05-2019,311,1,311,,,USD,Myanmar,229
May19-plan,15-03-2019,20-05-2019,0,1,0,,,USD,Myanmar,225
May19-plan,15-03-2019,20-05-2019,273,1,273,,,USD,Myanmar,222
Nov-plan,08-10-2018,15-11-2018,211,1,211,,0,USD,Myanmar,9
Nov-plan,08-10-2018,15-11-2018,25,1,25,,0,USD,Myanmar,407
Nov-plan,08-10-2018,15-11-2018,26,1,26,,0,USD,Myanmar,408
Nov-plan,08-10-2018,15-11-2018,12,1,12,,0,USD,Myanmar,409
Nov-plan,08-10-2018,15-11-2018,17,1,17,,0,USD,Myanmar,410
Nov-plan,08-10-2018,15-11-2018,721,1,721,,,USD,Myanmar,359
Nov-plan,08-10-2018,23-11-2018,2000,1,2000,,,USD,Myanmar,352
Nov-plan,08-10-2018,23-11-2018,3300,1,3300,,,USD,Myanmar,354
Nov-plan,08-10-2018,15-11-2018,0,1,0,,,USD,Myanmar,129
Nov-plan,08-10-2018,23-11-2018,875,1,875,,,USD,Myanmar,105
Nov-plan,08-10-2018,23-11-2018,100,1,100,,,USD,Myanmar,116
Nov-plan,08-10-2018,15-11-2018,2500,1,2500,,,USD,Myanmar,117
Sep-plan,15-06-2018,25-09-2018,0,1,0,,,USD,Myanmar,9
Sep-plan,15-06-2018,25-09-2018,545,1,545,,,USD,Myanmar,7
Sep-plan,15-06-2018,25-09-2018,1735,1,1735,,,USD,Myanmar,8
Sep-plan,15-06-2018,25-09-2018,2568,1,2568,,,USD,Myanmar,6
Sep-plan,07-09-2018,25-09-2018,19,1,19,,,USD,Myanmar,407
Sep-plan,07-09-2018,25-09-2018,0,1,0,,,USD,Myanmar,408
Sep-plan,07-09-2018,25-09-2018,19,1,19,,,USD,Myanmar,409
Sep-plan,07-09-2018,25-09-2018,52,1,52,,,USD,Myanmar,410
Sep-plan,15-06-2018,25-09-2018,0,1,0,,,USD,Myanmar,232
Sep-plan,15-06-2018,25-09-2018,0,1,0,,,USD,Myanmar,229
Sep-plan,15-06-2018,25-09-2018,0,1,0,,,USD,Myanmar,225
Sep-plan,15-06-2018,25-09-2018,0,1,0,,,USD,Myanmar,222
Sep19-plan,15-06-2019,20-09-2019,0,0,,,,USD,Myanmar,9
Sep19-plan,15-06-2019,20-09-2019,0,0,,,,USD,Myanmar,7
Sep19-plan,15-06-2019,20-09-2019,0,0,,,,USD,Myanmar,8
Sep19-plan,15-06-2019,20-09-2019,0,0,,,,USD,Myanmar,6
Sep19-plan,15-06-2019,20-09-2019,30,0,,,,USD,Myanmar,407
Sep19-plan,15-06-2019,20-09-2019,0,0,,,,USD,Myanmar,408
Sep19-plan,15-06-2019,20-09-2019,25,0,,,,USD,Myanmar,409
Sep19-plan,15-06-2019,20-09-2019,0,0,,,,USD,Myanmar,410
Sep19-plan,15-06-2019,20-09-2019,453,0,,,,USD,Myanmar,359
Sep19-plan,15-06-2019,20-09-2019,1000,0,,,,USD,Myanmar,352
Sep19-plan,15-06-2019,20-09-2019,811,0,,,,USD,Myanmar,354
Sep19-plan,15-06-2019,20-09-2019,60,0,,,,USD,Myanmar,134
Sep19-plan,15-06-2019,20-09-2019,350,0,,,,USD,Myanmar,105
Sep19-plan,15-06-2019,20-09-2019,350,0,,,,USD,Myanmar,116
Sep19-plan,15-06-2019,20-09-2019,1500,0,,,,USD,Myanmar,117
Sep19-plan,15-06-2019,20-09-2019,155,0,,,,USD,Myanmar,232
Sep19-plan,15-06-2019,20-09-2019,155,0,,,,USD,Myanmar,229
Sep19-plan,15-06-2019,20-09-2019,155,0,,,,USD,Myanmar,225
Sep19-plan,15-06-2019,20-09-2019,155,0,,,,USD,Myanmar,222
